file_name,frame_index,timestamp,roi_name,metric,value,pixel_count
1_1.CSV,1,2026-04-23T14:12:12,_y1,mean,29.286168009205984,869
1_1.CSV,1,2026-04-23T14:12:12,_y1,std,0.6270806008347073,869
1_1.CSV,1,2026-04-23T14:12:12,_y1,variance,0.3932300799432175,869
1_1.CSV,1,2026-04-23T14:12:12,_y2,mean,29.87664556962025,790
1_1.CSV,1,2026-04-23T14:12:12,_y2,std,0.713004350262346,790
1_1.CSV,1,2026-04-23T14:12:12,_y2,variance,0.5083752034930301,790
1_1.CSV,1,2026-04-23T14:12:12,_y3,mean,30.225772151898735,790
1_1.CSV,1,2026-04-23T14:12:12,_y3,std,0.9747658459416584,790
1_1.CSV,1,2026-04-23T14:12:12,_y3,variance,0.9501684544143569,790
1_1.CSV,1,2026-04-23T14:12:12,_y4,mean,30.660696202531646,790
1_1.CSV,1,2026-04-23T14:12:12,_y4,std,1.005188890296472,790
1_1.CSV,1,2026-04-23T14:12:12,_y4,variance,1.0104047051754528,790
1_1.CSV,1,2026-04-23T14:12:12,_y5,mean,31.308620253164555,790
1_1.CSV,1,2026-04-23T14:12:12,_y5,std,0.9162618027809404,790
1_1.CSV,1,2026-04-23T14:12:12,_y5,variance,0.8395356912353789,790
1_1.CSV,1,2026-04-23T14:12:12,_y6,mean,31.086582278481014,790
1_1.CSV,1,2026-04-23T14:12:12,_y6,std,0.8218757275797126,790
1_1.CSV,1,2026-04-23T14:12:12,_y6,variance,0.675479711584682,790
1_1.CSV,1,2026-04-23T14:12:12,_y7,mean,31.765772151898734,790
1_1.CSV,1,2026-04-23T14:12:12,_y7,std,1.0760911912485442,790
1_1.CSV,1,2026-04-23T14:12:12,_y7,variance,1.1579722518827111,790
1_1.CSV,1,2026-04-23T14:12:12,_y8,mean,32.29592405063291,790
1_1.CSV,1,2026-04-23T14:12:12,_y8,std,1.0416422497720483,790
1_1.CSV,1,2026-04-23T14:12:12,_y8,variance,1.0850185765101745,790
1_1.CSV,1,2026-04-23T14:12:12,_y9,mean,33.55569620253164,790
1_1.CSV,1,2026-04-23T14:12:12,_y9,std,1.110276945202804,790
1_1.CSV,1,2026-04-23T14:12:12,_y9,variance,1.2327148950488704,790
1_1.CSV,1,2026-04-23T14:12:12,_y10,mean,33.900658227848105,790
1_1.CSV,1,2026-04-23T14:12:12,_y10,std,1.0557552085625654,790
1_1.CSV,1,2026-04-23T14:12:12,_y10,variance,1.1146190604069859,790
1_1.CSV,1,2026-04-23T14:12:12,_y11,mean,33.491,790
1_1.CSV,1,2026-04-23T14:12:12,_y11,std,0.9910727533998932,790
1_1.CSV,1,2026-04-23T14:12:12,_y11,variance,0.9822252025316456,790
1_1.CSV,1,2026-04-23T14:12:12,_y12,mean,31.76513924050633,790
1_1.CSV,1,2026-04-23T14:12:12,_y12,std,0.9315380874984031,790
1_1.CSV,1,2026-04-23T14:12:12,_y12,variance,0.8677632084601825,790
1_1.CSV,1,2026-04-23T14:12:12,_y13,mean,28.702936708860758,790
1_1.CSV,1,2026-04-23T14:12:12,_y13,std,1.3558350161177208,790
1_1.CSV,1,2026-04-23T14:12:12,_y13,variance,1.8382885909309403,790
1_1.CSV,1,2026-04-23T14:12:12,_y14,mean,27.194898734177215,790
1_1.CSV,1,2026-04-23T14:12:12,_y14,std,1.148531556632501,790
1_1.CSV,1,2026-04-23T14:12:12,_y14,variance,1.3191247365806757,790
1_1.CSV,1,2026-04-23T14:12:12,_y15,mean,27.278936708860762,790
1_1.CSV,1,2026-04-23T14:12:12,_y15,std,1.3857919669781127,790
1_1.CSV,1,2026-04-23T14:12:12,_y15,variance,1.9204193757410668,790
1_2.CSV,2,2026-04-23T14:12:12,_y1,mean,31.755650172612192,869
1_2.CSV,2,2026-04-23T14:12:12,_y1,std,1.7029651111842508,869
1_2.CSV,2,2026-04-23T14:12:12,_y1,variance,2.9000901699107873,869
1_2.CSV,2,2026-04-23T14:12:12,_y2,mean,34.805797468354434,790
1_2.CSV,2,2026-04-23T14:12:12,_y2,std,2.962110658621254,790
1_2.CSV,2,2026-04-23T14:12:12,_y2,variance,8.77409955391764,790
1_2.CSV,2,2026-04-23T14:12:12,_y3,mean,37.617860759493674,790
1_2.CSV,2,2026-04-23T14:12:12,_y3,std,5.554966153628108,790
1_2.CSV,2,2026-04-23T14:12:12,_y3,variance,30.857648967953853,790
1_2.CSV,2,2026-04-23T14:12:12,_y4,mean,43.56651898734177,790
1_2.CSV,2,2026-04-23T14:12:12,_y4,std,9.825374224020404,790
1_2.CSV,2,2026-04-23T14:12:12,_y4,variance,96.53797864204455,790
1_2.CSV,2,2026-04-23T14:12:12,_y5,mean,44.413405063291144,790
1_2.CSV,2,2026-04-23T14:12:12,_y5,std,9.899794355387474,790
1_2.CSV,2,2026-04-23T14:12:12,_y5,variance,98.0059282789617,790
1_2.CSV,2,2026-04-23T14:12:12,_y6,mean,40.171797468354434,790
1_2.CSV,2,2026-04-23T14:12:12,_y6,std,6.469930452504629,790
1_2.CSV,2,2026-04-23T14:12:12,_y6,variance,41.860000060246755,790
1_2.CSV,2,2026-04-23T14:12:12,_y7,mean,35.92210126582278,790
1_2.CSV,2,2026-04-23T14:12:12,_y7,std,2.6128613036816324,790
1_2.CSV,2,2026-04-23T14:12:12,_y7,variance,6.827044192276879,790
1_2.CSV,2,2026-04-23T14:12:12,_y8,mean,35.45517721518987,790
1_2.CSV,2,2026-04-23T14:12:12,_y8,std,2.15417249676296,790
1_2.CSV,2,2026-04-23T14:12:12,_y8,variance,4.640459145809966,790
1_2.CSV,2,2026-04-23T14:12:12,_y9,mean,34.61092405063291,790
1_2.CSV,2,2026-04-23T14:12:12,_y9,std,1.1903979897406283,790
1_2.CSV,2,2026-04-23T14:12:12,_y9,variance,1.417047373978529,790
1_2.CSV,2,2026-04-23T14:12:12,_y10,mean,34.33145569620253,790
1_2.CSV,2,2026-04-23T14:12:12,_y10,std,0.8957702476889754,790
1_2.CSV,2,2026-04-23T14:12:12,_y10,variance,0.8024043366447684,790
1_2.CSV,2,2026-04-23T14:12:12,_y11,mean,33.32216455696203,790
1_2.CSV,2,2026-04-23T14:12:12,_y11,std,0.9300714540452617,790
1_2.CSV,2,2026-04-23T14:12:12,_y11,variance,0.8650329096298673,790
1_2.CSV,2,2026-04-23T14:12:12,_y12,mean,30.566063291139244,790
1_2.CSV,2,2026-04-23T14:12:12,_y12,std,1.1039534575789691,790
1_2.CSV,2,2026-04-23T14:12:12,_y12,variance,1.2187132365005608,790
1_2.CSV,2,2026-04-23T14:12:12,_y13,mean,28.135367088607598,790
1_2.CSV,2,2026-04-23T14:12:12,_y13,std,1.2156252980445716,790
1_2.CSV,2,2026-04-23T14:12:12,_y13,variance,1.4777448652459537,790
1_2.CSV,2,2026-04-23T14:12:12,_y14,mean,27.58667088607595,790
1_2.CSV,2,2026-04-23T14:12:12,_y14,std,1.161170047420186,790
1_2.CSV,2,2026-04-23T14:12:12,_y14,variance,1.348315879025797,790
1_2.CSV,2,2026-04-23T14:12:12,_y15,mean,27.40346835443038,790
1_2.CSV,2,2026-04-23T14:12:12,_y15,std,1.3568210691006828,790
1_2.CSV,2,2026-04-23T14:12:12,_y15,variance,1.8409634135555195,790
1_3.CSV,3,2026-04-23T14:12:12,_y1,mean,44.734994246260065,869
1_3.CSV,3,2026-04-23T14:12:12,_y1,std,5.849542537656412,869
1_3.CSV,3,2026-04-23T14:12:12,_y1,variance,34.21714789985182,869
1_3.CSV,3,2026-04-23T14:12:12,_y2,mean,55.55320253164557,790
1_3.CSV,3,2026-04-23T14:12:12,_y2,std,8.421587645923319,790
1_3.CSV,3,2026-04-23T14:12:12,_y2,variance,70.92313847796828,790
1_3.CSV,3,2026-04-23T14:12:12,_y3,mean,64.62648101265823,790
1_3.CSV,3,2026-04-23T14:12:12,_y3,std,16.072210588041344,790
1_3.CSV,3,2026-04-23T14:12:12,_y3,variance,258.3159531863483,790
1_3.CSV,3,2026-04-23T14:12:12,_y4,mean,77.71210126582278,790
1_3.CSV,3,2026-04-23T14:12:12,_y4,std,22.449623591101705,790
1_3.CSV,3,2026-04-23T14:12:12,_y4,variance,503.9855993821502,790
1_3.CSV,3,2026-04-23T14:12:12,_y5,mean,83.13253164556963,790
1_3.CSV,3,2026-04-23T14:12:12,_y5,std,23.559495683946842,790
1_3.CSV,3,2026-04-23T14:12:12,_y5,variance,555.0498368819099,790
1_3.CSV,3,2026-04-23T14:12:12,_y6,mean,72.43279746835444,790
1_3.CSV,3,2026-04-23T14:12:12,_y6,std,18.76092680491116,790
1_3.CSV,3,2026-04-23T14:12:12,_y6,variance,351.9723745792341,790
1_3.CSV,3,2026-04-23T14:12:12,_y7,mean,58.479303797468354,790
1_3.CSV,3,2026-04-23T14:12:12,_y7,std,9.609647599348088,790
1_3.CSV,3,2026-04-23T14:12:12,_y7,variance,92.34532698365646,790
1_3.CSV,3,2026-04-23T14:12:12,_y8,mean,55.974898734177216,790
1_3.CSV,3,2026-04-23T14:12:12,_y8,std,7.45659809271812,790
1_3.CSV,3,2026-04-23T14:12:12,_y8,variance,55.60085511632751,790
1_3.CSV,3,2026-04-23T14:12:12,_y9,mean,47.42851898734177,790
1_3.CSV,3,2026-04-23T14:12:12,_y9,std,3.781643331623722,790
1_3.CSV,3,2026-04-23T14:12:12,_y9,variance,14.300826287614164,790
1_3.CSV,3,2026-04-23T14:12:12,_y10,mean,42.028101265822784,790
1_3.CSV,3,2026-04-23T14:12:12,_y10,std,2.8766604125245196,790
1_3.CSV,3,2026-04-23T14:12:12,_y10,variance,8.27517512898574,790
1_3.CSV,3,2026-04-23T14:12:12,_y11,mean,38.492772151898734,790
1_3.CSV,3,2026-04-23T14:12:12,_y11,std,2.041494683564459,790
1_3.CSV,3,2026-04-23T14:12:12,_y11,variance,4.167700543021951,790
1_3.CSV,3,2026-04-23T14:12:12,_y12,mean,33.59015189873418,790
1_3.CSV,3,2026-04-23T14:12:12,_y12,std,2.4057880578842394,790
1_3.CSV,3,2026-04-23T14:12:12,_y12,variance,5.787816179458421,790
1_3.CSV,3,2026-04-23T14:12:12,_y13,mean,28.570556962025314,790
1_3.CSV,3,2026-04-23T14:12:12,_y13,std,1.5091400665366397,790
1_3.CSV,3,2026-04-23T14:12:12,_y13,variance,2.2775037404262135,790
1_3.CSV,3,2026-04-23T14:12:12,_y14,mean,27.742392405063292,790
1_3.CSV,3,2026-04-23T14:12:12,_y14,std,1.2979635355776185,790
1_3.CSV,3,2026-04-23T14:12:12,_y14,variance,1.6847093396891517,790
1_3.CSV,3,2026-04-23T14:12:12,_y15,mean,27.42289873417722,790
1_3.CSV,3,2026-04-23T14:12:12,_y15,std,1.3734946014182143,790
1_3.CSV,3,2026-04-23T14:12:12,_y15,variance,1.8864874201249793,790
1_4.CSV,4,2026-04-23T14:12:12,_y1,mean,56.05799769850403,869
1_4.CSV,4,2026-04-23T14:12:12,_y1,std,9.369577604316476,869
1_4.CSV,4,2026-04-23T14:12:12,_y1,variance,87.78898448330885,869
1_4.CSV,4,2026-04-23T14:12:12,_y2,mean,71.84825316455695,790
1_4.CSV,4,2026-04-23T14:12:12,_y2,std,12.257347700247736,790
1_4.CSV,4,2026-04-23T14:12:12,_y2,variance,150.24257264476847,790
1_4.CSV,4,2026-04-23T14:12:12,_y3,mean,82.89718987341773,790
1_4.CSV,4,2026-04-23T14:12:12,_y3,std,18.651391265903502,790
1_4.CSV,4,2026-04-23T14:12:12,_y3,variance,347.87439615382146,790
1_4.CSV,4,2026-04-23T14:12:12,_y4,mean,95.09417721518986,790
1_4.CSV,4,2026-04-23T14:12:12,_y4,std,19.19240408866935,790
1_4.CSV,4,2026-04-23T14:12:12,_y4,variance,368.34837470277193,790
1_4.CSV,4,2026-04-23T14:12:12,_y5,mean,101.91406329113923,790
1_4.CSV,4,2026-04-23T14:12:12,_y5,std,20.09011352857248,790
1_4.CSV,4,2026-04-23T14:12:12,_y5,variance,403.61266159093094,790
1_4.CSV,4,2026-04-23T14:12:12,_y6,mean,93.6711898734177,790
1_4.CSV,4,2026-04-23T14:12:12,_y6,std,21.373670437042154,790
1_4.CSV,4,2026-04-23T14:12:12,_y6,variance,456.8337879512898,790
1_4.CSV,4,2026-04-23T14:12:12,_y7,mean,78.304582278481,790
1_4.CSV,4,2026-04-23T14:12:12,_y7,std,13.453994560562126,790
1_4.CSV,4,2026-04-23T14:12:12,_y7,variance,181.0099696356353,790
1_4.CSV,4,2026-04-23T14:12:12,_y8,mean,74.83684810126583,790
1_4.CSV,4,2026-04-23T14:12:12,_y8,std,10.923334021327177,790
1_4.CSV,4,2026-04-23T14:12:12,_y8,variance,119.31922614148374,790
1_4.CSV,4,2026-04-23T14:12:12,_y9,mean,60.309101265822775,790
1_4.CSV,4,2026-04-23T14:12:12,_y9,std,6.45072215189001,790
1_4.CSV,4,2026-04-23T14:12:12,_y9,variance,41.611816280884476,790
1_4.CSV,4,2026-04-23T14:12:12,_y10,mean,51.60660759493671,790
1_4.CSV,4,2026-04-23T14:12:12,_y10,std,4.976277586526917,790
1_4.CSV,4,2026-04-23T14:12:12,_y10,variance,24.763338618170163,790
1_4.CSV,4,2026-04-23T14:12:12,_y11,mean,45.601481012658226,790
1_4.CSV,4,2026-04-23T14:12:12,_y11,std,3.8712986025224976,790
1_4.CSV,4,2026-04-23T14:12:12,_y11,variance,14.986952869892644,790
1_4.CSV,4,2026-04-23T14:12:12,_y12,mean,38.577139240506334,790
1_4.CSV,4,2026-04-23T14:12:12,_y12,std,4.032621275014638,790
1_4.CSV,4,2026-04-23T14:12:12,_y12,variance,16.26203434770069,790
1_4.CSV,4,2026-04-23T14:12:12,_y13,mean,29.870974683544304,790
1_4.CSV,4,2026-04-23T14:12:12,_y13,std,2.071164153013026,790
1_4.CSV,4,2026-04-23T14:12:12,_y13,variance,4.289720948726165,790
1_4.CSV,4,2026-04-23T14:12:12,_y14,mean,28.148620253164555,790
1_4.CSV,4,2026-04-23T14:12:12,_y14,std,1.5449684753966844,790
1_4.CSV,4,2026-04-23T14:12:12,_y14,variance,2.3869275899695555,790
1_4.CSV,4,2026-04-23T14:12:12,_y15,mean,27.7086582278481,790
1_4.CSV,4,2026-04-23T14:12:12,_y15,std,1.4250268386197968,790
1_4.CSV,4,2026-04-23T14:12:12,_y15,variance,2.0307014907867327,790
1_5.CSV,5,2026-04-23T14:12:12,_y1,mean,65.67368239355581,869
1_5.CSV,5,2026-04-23T14:12:12,_y1,std,12.269158908335909,869
1_5.CSV,5,2026-04-23T14:12:12,_y1,variance,150.5322603179984,869
1_5.CSV,5,2026-04-23T14:12:12,_y2,mean,84.97063291139241,790
1_5.CSV,5,2026-04-23T14:12:12,_y2,std,14.678227727477058,790
1_5.CSV,5,2026-04-23T14:12:12,_y2,variance,215.4503692196763,790
1_5.CSV,5,2026-04-23T14:12:12,_y3,mean,95.40037974683544,790
1_5.CSV,5,2026-04-23T14:12:12,_y3,std,17.88708089358817,790
1_5.CSV,5,2026-04-23T14:12:12,_y3,variance,319.94766289376696,790
1_5.CSV,5,2026-04-23T14:12:12,_y4,mean,105.30098734177216,790
1_5.CSV,5,2026-04-23T14:12:12,_y4,std,15.224347531481715,790
1_5.CSV,5,2026-04-23T14:12:12,_y4,variance,231.7807577593334,790
1_5.CSV,5,2026-04-23T14:12:12,_y5,mean,110.14260759493672,790
1_5.CSV,5,2026-04-23T14:12:12,_y5,std,15.223017724600025,790
1_5.CSV,5,2026-04-23T14:12:12,_y5,variance,231.74026864348653,790
1_5.CSV,5,2026-04-23T14:12:12,_y6,mean,103.39981012658227,790
1_5.CSV,5,2026-04-23T14:12:12,_y6,std,17.050048616119817,790
1_5.CSV,5,2026-04-23T14:12:12,_y6,variance,290.7041578120493,790
1_5.CSV,5,2026-04-23T14:12:12,_y7,mean,93.62496202531646,790
1_5.CSV,5,2026-04-23T14:12:12,_y7,std,13.913038677863382,790
1_5.CSV,5,2026-04-23T14:12:12,_y7,variance,193.57264525172243,790
1_5.CSV,5,2026-04-23T14:12:12,_y8,mean,89.57950632911393,790
1_5.CSV,5,2026-04-23T14:12:12,_y8,std,12.375905557327268,790
1_5.CSV,5,2026-04-23T14:12:12,_y8,variance,153.16303836388397,790
1_5.CSV,5,2026-04-23T14:12:12,_y9,mean,71.28016455696202,790
1_5.CSV,5,2026-04-23T14:12:12,_y9,std,8.656570657167956,790
1_5.CSV,5,2026-04-23T14:12:12,_y9,variance,74.93621554254126,790
1_5.CSV,5,2026-04-23T14:12:12,_y10,mean,60.14450632911393,790
1_5.CSV,5,2026-04-23T14:12:12,_y10,std,6.827489220796069,790
1_5.CSV,5,2026-04-23T14:12:12,_y10,variance,46.61460906008652,790
1_5.CSV,5,2026-04-23T14:12:12,_y11,mean,53.000481012658234,790
1_5.CSV,5,2026-04-23T14:12:12,_y11,std,5.393894440659851,790
1_5.CSV,5,2026-04-23T14:12:12,_y11,variance,29.094097236981252,790
1_5.CSV,5,2026-04-23T14:12:12,_y12,mean,42.897835443037984,790
1_5.CSV,5,2026-04-23T14:12:12,_y12,std,5.645450615891109,790
1_5.CSV,5,2026-04-23T14:12:12,_y12,variance,31.871112656465307,790
1_5.CSV,5,2026-04-23T14:12:12,_y13,mean,31.083594936708863,790
1_5.CSV,5,2026-04-23T14:12:12,_y13,std,2.7507604910209293,790
1_5.CSV,5,2026-04-23T14:12:12,_y13,variance,7.566683278961705,790
1_5.CSV,5,2026-04-23T14:12:12,_y14,mean,28.708772151898735,790
1_5.CSV,5,2026-04-23T14:12:12,_y14,std,1.920991670652987,790
1_5.CSV,5,2026-04-23T14:12:12,_y14,variance,3.690208998718154,790
1_5.CSV,5,2026-04-23T14:12:12,_y15,mean,28.080430379746836,790
1_5.CSV,5,2026-04-23T14:12:12,_y15,std,1.692663638919472,790
1_5.CSV,5,2026-04-23T14:12:12,_y15,variance,2.8651101945201085,790
1_6.CSV,6,2026-04-23T14:12:12,_y1,mean,73.97638665132335,869
1_6.CSV,6,2026-04-23T14:12:12,_y1,std,14.711198385748936,869
1_6.CSV,6,2026-04-23T14:12:12,_y1,variance,216.4193579448621,869
1_6.CSV,6,2026-04-23T14:12:12,_y2,mean,95.16511392405063,790
1_6.CSV,6,2026-04-23T14:12:12,_y2,std,16.151278874777027,790
1_6.CSV,6,2026-04-23T14:12:12,_y2,variance,260.8638092908187,790
1_6.CSV,6,2026-04-23T14:12:12,_y3,mean,103.80855696202534,790
1_6.CSV,6,2026-04-23T14:12:12,_y3,std,16.248731360602704,790
1_6.CSV,6,2026-04-23T14:12:12,_y3,variance,264.02127082903377,790
1_6.CSV,6,2026-04-23T14:12:12,_y4,mean,111.18175949367088,790
1_6.CSV,6,2026-04-23T14:12:12,_y4,std,11.42242927089005,790
1_6.CSV,6,2026-04-23T14:12:12,_y4,variance,130.47189044848577,790
1_6.CSV,6,2026-04-23T14:12:12,_y5,mean,114.02451898734176,790
1_6.CSV,6,2026-04-23T14:12:12,_y5,std,11.036230631007069,790
1_6.CSV,6,2026-04-23T14:12:12,_y5,variance,121.79838654077867,790
1_6.CSV,6,2026-04-23T14:12:12,_y6,mean,109.10208860759494,790
1_6.CSV,6,2026-04-23T14:12:12,_y6,std,12.885126743937699,790
1_6.CSV,6,2026-04-23T14:12:12,_y6,variance,166.02649120733852,790
1_6.CSV,6,2026-04-23T14:12:12,_y7,mean,103.747417721519,790
1_6.CSV,6,2026-04-23T14:12:12,_y7,std,12.132397830985685,790
1_6.CSV,6,2026-04-23T14:12:12,_y7,variance,147.19507712930616,790
1_6.CSV,6,2026-04-23T14:12:12,_y8,mean,101.05812658227848,790
1_6.CSV,6,2026-04-23T14:12:12,_y8,std,11.537803315669128,790
1_6.CSV,6,2026-04-23T14:12:12,_y8,variance,133.12090535106552,790
1_6.CSV,6,2026-04-23T14:12:12,_y9,mean,80.85793670886076,790
1_6.CSV,6,2026-04-23T14:12:12,_y9,std,10.542103189918048,790
1_6.CSV,6,2026-04-23T14:12:12,_y9,variance,111.1359396668803,790
1_6.CSV,6,2026-04-23T14:12:12,_y10,mean,67.78721518987342,790
1_6.CSV,6,2026-04-23T14:12:12,_y10,std,8.84615435815908,790
1_6.CSV,6,2026-04-23T14:12:12,_y10,variance,78.25444692837686,790
1_6.CSV,6,2026-04-23T14:12:12,_y11,mean,59.60164556962026,790
1_6.CSV,6,2026-04-23T14:12:12,_y11,std,6.95574630497614,790
1_6.CSV,6,2026-04-23T14:12:12,_y11,variance,48.38240665918923,790
1_6.CSV,6,2026-04-23T14:12:12,_y12,mean,47.22436708860759,790
1_6.CSV,6,2026-04-23T14:12:12,_y12,std,7.190790508958453,790
1_6.CSV,6,2026-04-23T14:12:12,_y12,variance,51.70746814372696,790
1_6.CSV,6,2026-04-23T14:12:12,_y13,mean,32.0367088607595,790
1_6.CSV,6,2026-04-23T14:12:12,_y13,std,3.610389060531081,790
1_6.CSV,6,2026-04-23T14:12:12,_y13,variance,13.034909168402502,790
1_6.CSV,6,2026-04-23T14:12:12,_y14,mean,29.27835443037975,790
1_6.CSV,6,2026-04-23T14:12:12,_y14,std,2.86199758970776,790
1_6.CSV,6,2026-04-23T14:12:12,_y14,variance,8.191030203493028,790
1_6.CSV,6,2026-04-23T14:12:12,_y15,mean,28.51873417721519,790
1_6.CSV,6,2026-04-23T14:12:12,_y15,std,2.410132233931252,790
1_6.CSV,6,2026-04-23T14:12:12,_y15,variance,5.808737385034448,790
1_7.CSV,7,2026-04-23T14:12:12,_y1,mean,81.2844764096663,869
1_7.CSV,7,2026-04-23T14:12:12,_y1,std,16.276172340594112,869
1_7.CSV,7,2026-04-23T14:12:12,_y1,variance,264.91378606072084,869
1_7.CSV,7,2026-04-23T14:12:12,_y2,mean,102.87162025316456,790
1_7.CSV,7,2026-04-23T14:12:12,_y2,std,15.39858242390899,790
1_7.CSV,7,2026-04-23T14:12:12,_y2,variance,237.11634066591887,790
1_7.CSV,7,2026-04-23T14:12:12,_y3,mean,109.11062025316456,790
1_7.CSV,7,2026-04-23T14:12:12,_y3,std,13.7935420679332,790
1_7.CSV,7,2026-04-23T14:12:12,_y3,variance,190.26180277984292,790
1_7.CSV,7,2026-04-23T14:12:12,_y4,mean,115.01518987341773,790
1_7.CSV,7,2026-04-23T14:12:12,_y4,std,8.212427039270452,790
1_7.CSV,7,2026-04-23T14:12:12,_y4,variance,67.44395787534044,790
1_7.CSV,7,2026-04-23T14:12:12,_y5,mean,116.38612658227848,790
1_7.CSV,7,2026-04-23T14:12:12,_y5,std,7.760265275654812,790
1_7.CSV,7,2026-04-23T14:12:12,_y5,variance,60.221717148533855,790
1_7.CSV,7,2026-04-23T14:12:12,_y6,mean,113.35374683544303,790
1_7.CSV,7,2026-04-23T14:12:12,_y6,std,9.271982071318105,790
1_7.CSV,7,2026-04-23T14:12:12,_y6,variance,85.96965153084436,790
1_7.CSV,7,2026-04-23T14:12:12,_y7,mean,110.867,790
1_7.CSV,7,2026-04-23T14:12:12,_y7,std,9.037043357512987,790
1_7.CSV,7,2026-04-23T14:12:12,_y7,variance,81.66815264556959,790
1_7.CSV,7,2026-04-23T14:12:12,_y8,mean,109.53970886075949,790
1_7.CSV,7,2026-04-23T14:12:12,_y8,std,10.441394266046819,790
1_7.CSV,7,2026-04-23T14:12:12,_y8,variance,109.02271421903541,790
1_7.CSV,7,2026-04-23T14:12:12,_y9,mean,89.33174683544304,790
1_7.CSV,7,2026-04-23T14:12:12,_y9,std,12.004237879813454,790
1_7.CSV,7,2026-04-23T14:12:12,_y9,variance,144.1017270751482,790
1_7.CSV,7,2026-04-23T14:12:12,_y10,mean,75.24669620253165,790
1_7.CSV,7,2026-04-23T14:12:12,_y10,std,10.330405966822052,790
1_7.CSV,7,2026-04-23T14:12:12,_y10,variance,106.71728743935266,790
1_7.CSV,7,2026-04-23T14:12:12,_y11,mean,66.00759493670886,790
1_7.CSV,7,2026-04-23T14:12:12,_y11,std,8.424626801664044,790
1_7.CSV,7,2026-04-23T14:12:12,_y11,variance,70.97433674731613,790
1_7.CSV,7,2026-04-23T14:12:12,_y12,mean,51.11850632911393,790
1_7.CSV,7,2026-04-23T14:12:12,_y12,std,8.50304572666211,790
1_7.CSV,7,2026-04-23T14:12:12,_y12,variance,72.30178662970678,790
1_7.CSV,7,2026-04-23T14:12:12,_y13,mean,33.45382278481012,790
1_7.CSV,7,2026-04-23T14:12:12,_y13,std,4.397765378351278,790
1_7.CSV,7,2026-04-23T14:12:12,_y13,variance,19.340340323025156,790
1_7.CSV,7,2026-04-23T14:12:12,_y14,mean,29.83840506329114,790
1_7.CSV,7,2026-04-23T14:12:12,_y14,std,3.369156524120688,790
1_7.CSV,7,2026-04-23T14:12:12,_y14,variance,11.351215684024996,790
1_7.CSV,7,2026-04-23T14:12:12,_y15,mean,28.817430379746835,790
1_7.CSV,7,2026-04-23T14:12:12,_y15,std,2.708813436265922,790
1_7.CSV,7,2026-04-23T14:12:12,_y15,variance,7.337670232494792,790
1_8.CSV,8,2026-04-23T14:12:12,_y1,mean,87.47204833141542,869
1_8.CSV,8,2026-04-23T14:12:12,_y1,std,17.294402247084754,869
1_8.CSV,8,2026-04-23T14:12:12,_y1,variance,299.09634908397015,869
1_8.CSV,8,2026-04-23T14:12:12,_y2,mean,107.65946835443037,790
1_8.CSV,8,2026-04-23T14:12:12,_y2,std,13.767400091773798,790
1_8.CSV,8,2026-04-23T14:12:12,_y2,variance,189.5413052869732,790
1_8.CSV,8,2026-04-23T14:12:12,_y3,mean,112.26439240506329,790
1_8.CSV,8,2026-04-23T14:12:12,_y3,std,11.248624515539126,790
1_8.CSV,8,2026-04-23T14:12:12,_y3,variance,126.53155349158784,790
1_8.CSV,8,2026-04-23T14:12:12,_y4,mean,117.29341772151898,790
1_8.CSV,8,2026-04-23T14:12:12,_y4,std,5.723470662145952,790
1_8.CSV,8,2026-04-23T14:12:12,_y4,variance,32.758116420445425,790
1_8.CSV,8,2026-04-23T14:12:12,_y5,mean,117.99415189873416,790
1_8.CSV,8,2026-04-23T14:12:12,_y5,std,5.151237823685417,790
1_8.CSV,8,2026-04-23T14:12:12,_y5,variance,26.53525111616727,790
1_8.CSV,8,2026-04-23T14:12:12,_y6,mean,116.29040506329113,790
1_8.CSV,8,2026-04-23T14:12:12,_y6,std,6.302628050444737,790
1_8.CSV,8,2026-04-23T14:12:12,_y6,variance,39.72312034225282,790
1_8.CSV,8,2026-04-23T14:12:12,_y7,mean,115.41698734177216,790
1_8.CSV,8,2026-04-23T14:12:12,_y7,std,6.283189167434305,790
1_8.CSV,8,2026-04-23T14:12:12,_y7,variance,39.47846611376379,790
1_8.CSV,8,2026-04-23T14:12:12,_y8,mean,114.74667088607595,790
1_8.CSV,8,2026-04-23T14:12:12,_y8,std,8.183651373505375,790
1_8.CSV,8,2026-04-23T14:12:12,_y8,variance,66.9721498030764,790
1_8.CSV,8,2026-04-23T14:12:12,_y9,mean,96.8890506329114,790
1_8.CSV,8,2026-04-23T14:12:12,_y9,std,13.231050676726113,790
1_8.CSV,8,2026-04-23T14:12:12,_y9,variance,175.06070201009453,790
1_8.CSV,8,2026-04-23T14:12:12,_y10,mean,81.79,790
1_8.CSV,8,2026-04-23T14:12:12,_y10,std,11.668166831820235,790
1_8.CSV,8,2026-04-23T14:12:12,_y10,variance,136.14611721518986,790
1_8.CSV,8,2026-04-23T14:12:12,_y11,mean,72.29682278481012,790
1_8.CSV,8,2026-04-23T14:12:12,_y11,std,9.653830598356247,790
1_8.CSV,8,2026-04-23T14:12:12,_y11,variance,93.19644522175935,790
1_8.CSV,8,2026-04-23T14:12:12,_y12,mean,54.7467088607595,790
1_8.CSV,8,2026-04-23T14:12:12,_y12,std,9.98343708368243,790
1_8.CSV,8,2026-04-23T14:12:12,_y12,variance,99.66901600384556,790
1_8.CSV,8,2026-04-23T14:12:12,_y13,mean,34.358113924050635,790
1_8.CSV,8,2026-04-23T14:12:12,_y13,std,5.478697143672444,790
1_8.CSV,8,2026-04-23T14:12:12,_y13,variance,30.0161223920846,790
1_8.CSV,8,2026-04-23T14:12:12,_y14,mean,30.581253164556966,790
1_8.CSV,8,2026-04-23T14:12:12,_y14,std,4.082122843642907,790
1_8.CSV,8,2026-04-23T14:12:12,_y14,variance,16.66372691059125,790
1_8.CSV,8,2026-04-23T14:12:12,_y15,mean,28.923797468354433,790
1_8.CSV,8,2026-04-23T14:12:12,_y15,std,3.382904640554061,790
1_8.CSV,8,2026-04-23T14:12:12,_y15,variance,11.444043807082199,790
1_9.CSV,9,2026-04-23T14:12:12,_y1,mean,92.52836593785962,869
1_9.CSV,9,2026-04-23T14:12:12,_y1,std,17.335209315866155,869
1_9.CSV,9,2026-04-23T14:12:12,_y1,variance,300.5094820248927,869
1_9.CSV,9,2026-04-23T14:12:12,_y2,mean,111.06459493670886,790
1_9.CSV,9,2026-04-23T14:12:12,_y2,std,11.41513581151873,790
1_9.CSV,9,2026-04-23T14:12:12,_y2,variance,130.30532559541737,790
1_9.CSV,9,2026-04-23T14:12:12,_y3,mean,114.5199746835443,790
1_9.CSV,9,2026-04-23T14:12:12,_y3,std,8.837389828829597,790
1_9.CSV,9,2026-04-23T14:12:12,_y3,variance,78.09945898670082,790
1_9.CSV,9,2026-04-23T14:12:12,_y4,mean,118.66408860759495,790
1_9.CSV,9,2026-04-23T14:12:12,_y4,std,3.6381989378174504,790
1_9.CSV,9,2026-04-23T14:12:12,_y4,variance,13.236491511136023,790
1_9.CSV,9,2026-04-23T14:12:12,_y5,mean,118.94220253164556,790
1_9.CSV,9,2026-04-23T14:12:12,_y5,std,3.2052424556478174,790
1_9.CSV,9,2026-04-23T14:12:12,_y5,variance,10.273579199487251,790
1_9.CSV,9,2026-04-23T14:12:12,_y6,mean,118.21791139240506,790
1_9.CSV,9,2026-04-23T14:12:12,_y6,std,3.9907182586593084,790
1_9.CSV,9,2026-04-23T14:12:12,_y6,variance,15.925832219996783,790
1_9.CSV,9,2026-04-23T14:12:12,_y7,mean,118.04078481012658,790
1_9.CSV,9,2026-04-23T14:12:12,_y7,std,3.668474644796675,790
1_9.CSV,9,2026-04-23T14:12:12,_y7,variance,13.45770621951609,790
1_9.CSV,9,2026-04-23T14:12:12,_y8,mean,117.04159493670886,790
1_9.CSV,9,2026-04-23T14:12:12,_y8,std,6.126918629013823,790
1_9.CSV,9,2026-04-23T14:12:12,_y8,variance,37.539131886556625,790
1_9.CSV,9,2026-04-23T14:12:12,_y9,mean,102.41282278481013,790
1_9.CSV,9,2026-04-23T14:12:12,_y9,std,13.08103309536416,790
1_9.CSV,9,2026-04-23T14:12:12,_y9,variance,171.11342684201247,790
1_9.CSV,9,2026-04-23T14:12:12,_y10,mean,87.58454430379747,790
1_9.CSV,9,2026-04-23T14:12:12,_y10,std,12.817360082165331,790
1_9.CSV,9,2026-04-23T14:12:12,_y10,variance,164.28471947588525,790
1_9.CSV,9,2026-04-23T14:12:12,_y11,mean,77.75824050632912,790
1_9.CSV,9,2026-04-23T14:12:12,_y11,std,10.917414149619342,790
1_9.CSV,9,2026-04-23T14:12:12,_y11,variance,119.1899317143086,790
1_9.CSV,9,2026-04-23T14:12:12,_y12,mean,58.158898734177214,790
1_9.CSV,9,2026-04-23T14:12:12,_y12,std,11.365827671605413,790
1_9.CSV,9,2026-04-23T14:12:12,_y12,variance,129.18203866063132,790
1_9.CSV,9,2026-04-23T14:12:12,_y13,mean,35.37050632911392,790
1_9.CSV,9,2026-04-23T14:12:12,_y13,std,6.4045853824307795,790
1_9.CSV,9,2026-04-23T14:12:12,_y13,variance,41.01871392084602,790
1_9.CSV,9,2026-04-23T14:12:12,_y14,mean,31.06759493670886,790
1_9.CSV,9,2026-04-23T14:12:12,_y14,std,4.819856533184436,790
1_9.CSV,9,2026-04-23T14:12:12,_y14,variance,23.231017000480687,790
1_9.CSV,9,2026-04-23T14:12:12,_y15,mean,29.612721518987343,790
1_9.CSV,9,2026-04-23T14:12:12,_y15,std,3.7455532874032698,790
1_9.CSV,9,2026-04-23T14:12:12,_y15,variance,14.02916942877744,790
1_10.CSV,10,2026-04-23T14:12:12,_y1,mean,96.75782508630608,869
1_10.CSV,10,2026-04-23T14:12:12,_y1,std,16.446379393491917,869
1_10.CSV,10,2026-04-23T14:12:12,_y1,variance,270.4833951546755,869
1_10.CSV,10,2026-04-23T14:12:12,_y2,mean,113.45603797468353,790
1_10.CSV,10,2026-04-23T14:12:12,_y2,std,9.35568210875492,790
1_10.CSV,10,2026-04-23T14:12:12,_y2,variance,87.52878772007689,790
1_10.CSV,10,2026-04-23T14:12:12,_y3,mean,116.2050253164557,790
1_10.CSV,10,2026-04-23T14:12:12,_y3,std,6.749174065689765,790
1_10.CSV,10,2026-04-23T14:12:12,_y3,variance,45.55135056897931,790
1_10.CSV,10,2026-04-23T14:12:12,_y4,mean,119.38932911392406,790
1_10.CSV,10,2026-04-23T14:12:12,_y4,std,2.140956175959756,790
1_10.CSV,10,2026-04-23T14:12:12,_y4,variance,4.583693347380222,790
1_10.CSV,10,2026-04-23T14:12:12,_y5,mean,119.57612658227846,790
1_10.CSV,10,2026-04-23T14:12:12,_y5,std,1.67839727171443,790
1_10.CSV,10,2026-04-23T14:12:12,_y5,variance,2.817017401698442,790
1_10.CSV,10,2026-04-23T14:12:12,_y6,mean,119.32311392405065,790
1_10.CSV,10,2026-04-23T14:12:12,_y6,std,2.425396676350946,790
1_10.CSV,10,2026-04-23T14:12:12,_y6,variance,5.882549037654216,790
1_10.CSV,10,2026-04-23T14:12:12,_y7,mean,119.41782278481013,790
1_10.CSV,10,2026-04-23T14:12:12,_y7,std,1.855644845162883,790
1_10.CSV,10,2026-04-23T14:12:12,_y7,variance,3.4434177913795803,790
1_10.CSV,10,2026-04-23T14:12:12,_y8,mean,118.34607594936708,790
1_10.CSV,10,2026-04-23T14:12:12,_y8,std,4.361257894760573,790
1_10.CSV,10,2026-04-23T14:12:12,_y8,variance,19.02057042461143,790
1_10.CSV,10,2026-04-23T14:12:12,_y9,mean,106.59788607594938,790
1_10.CSV,10,2026-04-23T14:12:12,_y9,std,12.062744768671427,790
1_10.CSV,10,2026-04-23T14:12:12,_y9,variance,145.50981135410987,790
1_10.CSV,10,2026-04-23T14:12:12,_y10,mean,93.0772658227848,790
1_10.CSV,10,2026-04-23T14:12:12,_y10,std,13.374414734346333,790
1_10.CSV,10,2026-04-23T14:12:12,_y10,variance,178.87496948630027,790
1_10.CSV,10,2026-04-23T14:12:12,_y11,mean,82.73783544303798,790
1_10.CSV,10,2026-04-23T14:12:12,_y11,std,11.624927896801443,790
1_10.CSV,10,2026-04-23T14:12:12,_y11,variance,135.1389486058324,790
1_10.CSV,10,2026-04-23T14:12:12,_y12,mean,61.45237974683544,790
1_10.CSV,10,2026-04-23T14:12:12,_y12,std,12.342395143614096,790
1_10.CSV,10,2026-04-23T14:12:12,_y12,variance,152.33471788110882,790
1_10.CSV,10,2026-04-23T14:12:12,_y13,mean,36.47751898734177,790
1_10.CSV,10,2026-04-23T14:12:12,_y13,std,7.068201724394125,790
1_10.CSV,10,2026-04-23T14:12:12,_y13,variance,49.959475616728085,790
1_10.CSV,10,2026-04-23T14:12:12,_y14,mean,31.51729113924051,790
1_10.CSV,10,2026-04-23T14:12:12,_y14,std,5.6067344004114315,790
1_10.CSV,10,2026-04-23T14:12:12,_y14,variance,31.435470636756932,790
1_10.CSV,10,2026-04-23T14:12:12,_y15,mean,30.096810126582277,790
1_10.CSV,10,2026-04-23T14:12:12,_y15,std,4.478995332861621,790
1_10.CSV,10,2026-04-23T14:12:12,_y15,variance,20.061399191796184,790
1_11.CSV,11,2026-04-23T14:12:12,_y1,mean,100.35127733026468,869
1_11.CSV,11,2026-04-23T14:12:12,_y1,std,15.41649097916448,869
1_11.CSV,11,2026-04-23T14:12:12,_y1,variance,237.6681941106598,869
1_11.CSV,11,2026-04-23T14:12:12,_y2,mean,115.39836708860759,790
1_11.CSV,11,2026-04-23T14:12:12,_y2,std,7.4790187193566,790
1_11.CSV,11,2026-04-23T14:12:12,_y2,variance,55.93572100448643,790
1_11.CSV,11,2026-04-23T14:12:12,_y3,mean,117.51106329113922,790
1_11.CSV,11,2026-04-23T14:12:12,_y3,std,4.900088878919511,790
1_11.CSV,11,2026-04-23T14:12:12,_y3,variance,24.01087102131067,790
1_11.CSV,11,2026-04-23T14:12:12,_y4,mean,119.7629746835443,790
1_11.CSV,11,2026-04-23T14:12:12,_y4,std,1.0475429416252815,790
1_11.CSV,11,2026-04-23T14:12:12,_y4,variance,1.097346214548948,790
1_11.CSV,11,2026-04-23T14:12:12,_y5,mean,119.88074683544303,790
1_11.CSV,11,2026-04-23T14:12:12,_y5,std,0.6160631023152486,790
1_11.CSV,11,2026-04-23T14:12:12,_y5,variance,0.3795337460342885,790
1_11.CSV,11,2026-04-23T14:12:12,_y6,mean,119.6650253164557,790
1_11.CSV,11,2026-04-23T14:12:12,_y6,std,1.5524498196067555,790
1_11.CSV,11,2026-04-23T14:12:12,_y6,variance,2.410100442397048,790
1_11.CSV,11,2026-04-23T14:12:12,_y7,mean,119.87836708860758,790
1_11.CSV,11,2026-04-23T14:12:12,_y7,std,0.7383448763181022,790
1_11.CSV,11,2026-04-23T14:12:12,_y7,variance,0.5451531563851936,790
1_11.CSV,11,2026-04-23T14:12:12,_y8,mean,119.0042151898734,790
1_11.CSV,11,2026-04-23T14:12:12,_y8,std,3.261918217862371,790
1_11.CSV,11,2026-04-23T14:12:12,_y8,variance,10.640110460022425,790
1_11.CSV,11,2026-04-23T14:12:12,_y9,mean,109.64479746835445,790
1_11.CSV,11,2026-04-23T14:12:12,_y9,std,10.95519194394152,790
1_11.CSV,11,2026-04-23T14:12:12,_y9,variance,120.01623052860116,790
1_11.CSV,11,2026-04-23T14:12:12,_y10,mean,97.277,790
1_11.CSV,11,2026-04-23T14:12:12,_y10,std,13.879357306008377,790
1_11.CSV,11,2026-04-23T14:12:12,_y10,variance,192.63655922784812,790
1_11.CSV,11,2026-04-23T14:12:12,_y11,mean,87.05884810126582,790
1_11.CSV,11,2026-04-23T14:12:12,_y11,std,12.229106183209707,790
1_11.CSV,11,2026-04-23T14:12:12,_y11,variance,149.5510380402179,790
1_11.CSV,11,2026-04-23T14:12:12,_y12,mean,64.035417721519,790
1_11.CSV,11,2026-04-23T14:12:12,_y12,std,13.571460925816048,790
1_11.CSV,11,2026-04-23T14:12:12,_y12,variance,184.18455166095177,790
1_11.CSV,11,2026-04-23T14:12:12,_y13,mean,37.543,790
1_11.CSV,11,2026-04-23T14:12:12,_y13,std,7.825314584205044,790
1_11.CSV,11,2026-04-23T14:12:12,_y13,variance,61.23554834177216,790
1_11.CSV,11,2026-04-23T14:12:12,_y14,mean,32.12312658227847,790
1_11.CSV,11,2026-04-23T14:12:12,_y14,std,6.19966262631923,790
1_11.CSV,11,2026-04-23T14:12:12,_y14,variance,38.43581668017946,790
1_11.CSV,11,2026-04-23T14:12:12,_y15,mean,30.366645569620253,790
1_11.CSV,11,2026-04-23T14:12:12,_y15,std,5.019111602608812,790
1_11.CSV,11,2026-04-23T14:12:12,_y15,variance,25.1914812794424,790
1_12.CSV,12,2026-04-23T14:12:13,_y1,mean,103.33928653624855,869
1_12.CSV,12,2026-04-23T14:12:13,_y1,std,14.248824478905979,869
1_12.CSV,12,2026-04-23T14:12:13,_y1,variance,203.02899903067024,869
1_12.CSV,12,2026-04-23T14:12:13,_y2,mean,116.8822911392405,790
1_12.CSV,12,2026-04-23T14:12:13,_y2,std,5.823550306162254,790
1_12.CSV,12,2026-04-23T14:12:13,_y2,variance,33.913738168402475,790
1_12.CSV,12,2026-04-23T14:12:13,_y3,mean,118.35691139240507,790
1_12.CSV,12,2026-04-23T14:12:13,_y3,std,3.6812585670824998,790
1_12.CSV,12,2026-04-23T14:12:13,_y3,variance,13.5516646377183,790
1_12.CSV,12,2026-04-23T14:12:13,_y4,mean,119.93721518987341,790
1_12.CSV,12,2026-04-23T14:12:13,_y4,std,0.4017333857012495,790
1_12.CSV,12,2026-04-23T14:12:13,_y4,variance,0.16138971318698891,790
1_12.CSV,12,2026-04-23T14:12:13,_y5,mean,119.97543037974683,790
1_12.CSV,12,2026-04-23T14:12:13,_y5,std,0.13154487933630282,790
1_12.CSV,12,2026-04-23T14:12:13,_y5,variance,0.01730405527960247,790
1_12.CSV,12,2026-04-23T14:12:13,_y6,mean,119.83743037974682,790
1_12.CSV,12,2026-04-23T14:12:13,_y6,std,0.980140446969683,790
1_12.CSV,12,2026-04-23T14:12:13,_y6,variance,0.9606752957859301,790
1_12.CSV,12,2026-04-23T14:12:13,_y7,mean,119.96224050632911,790
1_12.CSV,12,2026-04-23T14:12:13,_y7,std,0.3380505061205364,790
1_12.CSV,12,2026-04-23T14:12:13,_y7,variance,0.11427814468835079,790
1_12.CSV,12,2026-04-23T14:12:13,_y8,mean,119.40018987341772,790
1_12.CSV,12,2026-04-23T14:12:13,_y8,std,2.371639306876736,790
1_12.CSV,12,2026-04-23T14:12:13,_y8,variance,5.624673001922765,790
1_12.CSV,12,2026-04-23T14:12:13,_y9,mean,111.83460759493673,790
1_12.CSV,12,2026-04-23T14:12:13,_y9,std,9.65457323446713,790
1_12.CSV,12,2026-04-23T14:12:13,_y9,variance,93.2107843396891,790
1_12.CSV,12,2026-04-23T14:12:13,_y10,mean,100.62712658227848,790
1_12.CSV,12,2026-04-23T14:12:13,_y10,std,13.768204187678114,790
1_12.CSV,12,2026-04-23T14:12:13,_y10,variance,189.56344655359717,790
1_12.CSV,12,2026-04-23T14:12:13,_y11,mean,90.70006329113924,790
1_12.CSV,12,2026-04-23T14:12:13,_y11,std,12.722965267022763,790
1_12.CSV,12,2026-04-23T14:12:13,_y11,variance,161.87384518586762,790
1_12.CSV,12,2026-04-23T14:12:13,_y12,mean,65.98287341772152,790
1_12.CSV,12,2026-04-23T14:12:13,_y12,std,14.448710168763817,790
1_12.CSV,12,2026-04-23T14:12:13,_y12,variance,208.76522554093896,790
1_12.CSV,12,2026-04-23T14:12:13,_y13,mean,38.296822784810125,790
1_12.CSV,12,2026-04-23T14:12:13,_y13,std,8.724322898190204,790
1_12.CSV,12,2026-04-23T14:12:13,_y13,variance,76.11381003188592,790
1_12.CSV,12,2026-04-23T14:12:13,_y14,mean,32.63356962025316,790
1_12.CSV,12,2026-04-23T14:12:13,_y14,std,6.8185861533919905,790
1_12.CSV,12,2026-04-23T14:12:13,_y14,variance,46.49311713122898,790
1_12.CSV,12,2026-04-23T14:12:13,_y15,mean,30.534746835443038,790
1_12.CSV,12,2026-04-23T14:12:13,_y15,std,5.396763270393394,790
1_12.CSV,12,2026-04-23T14:12:13,_y15,variance,29.125053796667203,790
1_13.CSV,13,2026-04-23T14:12:13,_y1,mean,105.79737629459149,869
1_13.CSV,13,2026-04-23T14:12:13,_y1,std,13.039666350205646,869
1_13.CSV,13,2026-04-23T14:12:13,_y1,variance,170.03289852468544,869
1_13.CSV,13,2026-04-23T14:12:13,_y2,mean,117.90473417721522,790
1_13.CSV,13,2026-04-23T14:12:13,_y2,std,4.607200706183718,790
1_13.CSV,13,2026-04-23T14:12:13,_y2,variance,21.22629834705975,790
1_13.CSV,13,2026-04-23T14:12:13,_y3,mean,119.03248101265824,790
1_13.CSV,13,2026-04-23T14:12:13,_y3,std,2.5768471897869483,790
1_13.CSV,13,2026-04-23T14:12:13,_y3,variance,6.640141439512892,790
1_13.CSV,13,2026-04-23T14:12:13,_y4,mean,119.98306329113923,790
1_13.CSV,13,2026-04-23T14:12:13,_y4,std,0.12443384107371384,790
1_13.CSV,13,2026-04-23T14:12:13,_y4,variance,0.015483780804358275,790
1_13.CSV,13,2026-04-23T14:12:13,_y5,mean,119.99,790
1_13.CSV,13,2026-04-23T14:12:13,_y5,std,0.0,790
1_13.CSV,13,2026-04-23T14:12:13,_y5,variance,0.0,790
1_13.CSV,13,2026-04-23T14:12:13,_y6,mean,119.91699999999999,790
1_13.CSV,13,2026-04-23T14:12:13,_y6,std,0.6461014440081113,790
1_13.CSV,13,2026-04-23T14:12:13,_y6,variance,0.41744707594936664,790
1_13.CSV,13,2026-04-23T14:12:13,_y7,mean,119.98411392405063,790
1_13.CSV,13,2026-04-23T14:12:13,_y7,std,0.12503331073542973,790
1_13.CSV,13,2026-04-23T14:12:13,_y7,variance,0.015633328793462527,790
1_13.CSV,13,2026-04-23T14:12:13,_y8,mean,119.64536708860759,790
1_13.CSV,13,2026-04-23T14:12:13,_y8,std,1.6751696847904354,790
1_13.CSV,13,2026-04-23T14:12:13,_y8,variance,2.8061934728408864,790
1_13.CSV,13,2026-04-23T14:12:13,_y9,mean,113.61653164556962,790
1_13.CSV,13,2026-04-23T14:12:13,_y9,std,8.425864211898562,790
1_13.CSV,13,2026-04-23T14:12:13,_y9,variance,70.99518771735296,790
1_13.CSV,13,2026-04-23T14:12:13,_y10,mean,103.8440253164557,790
1_13.CSV,13,2026-04-23T14:12:13,_y10,std,13.579538097301686,790
1_13.CSV,13,2026-04-23T14:12:13,_y10,variance,184.40385493606792,790
1_13.CSV,13,2026-04-23T14:12:13,_y11,mean,94.5073164556962,790
1_13.CSV,13,2026-04-23T14:12:13,_y11,std,13.027586383356097,790
1_13.CSV,13,2026-04-23T14:12:13,_y11,variance,169.7180069758052,790
1_13.CSV,13,2026-04-23T14:12:13,_y12,mean,68.69018987341772,790
1_13.CSV,13,2026-04-23T14:12:13,_y12,std,15.259463445596387,790
1_13.CSV,13,2026-04-23T14:12:13,_y12,variance,232.85122464749236,790
1_13.CSV,13,2026-04-23T14:12:13,_y13,mean,39.24669620253164,790
1_13.CSV,13,2026-04-23T14:12:13,_y13,std,9.378801715388157,790
1_13.CSV,13,2026-04-23T14:12:13,_y13,variance,87.96192161656785,790
1_13.CSV,13,2026-04-23T14:12:13,_y14,mean,33.335848101265825,790
1_13.CSV,13,2026-04-23T14:12:13,_y14,std,7.371924484816578,790
1_13.CSV,13,2026-04-23T14:12:13,_y14,variance,54.345270609838174,790
1_13.CSV,13,2026-04-23T14:12:13,_y15,mean,31.31592405063291,790
1_13.CSV,13,2026-04-23T14:12:13,_y15,std,5.9493245947310855,790
1_13.CSV,13,2026-04-23T14:12:13,_y15,variance,35.3944631334722,790
1_14.CSV,14,2026-04-23T14:12:13,_y1,mean,108.24322209436133,869
1_14.CSV,14,2026-04-23T14:12:13,_y1,std,11.896750007221865,869
1_14.CSV,14,2026-04-23T14:12:13,_y1,variance,141.53266073433346,869
1_14.CSV,14,2026-04-23T14:12:13,_y2,mean,118.70632911392406,790
1_14.CSV,14,2026-04-23T14:12:13,_y2,std,3.408170628199903,790
1_14.CSV,14,2026-04-23T14:12:13,_y2,variance,11.615627030924522,790
1_14.CSV,14,2026-04-23T14:12:13,_y3,mean,119.50250632911394,790
1_14.CSV,14,2026-04-23T14:12:13,_y3,std,1.6662141722124013,790
1_14.CSV,14,2026-04-23T14:12:13,_y3,variance,2.7762696676814578,790
1_14.CSV,14,2026-04-23T14:12:13,_y4,mean,119.99,790
1_14.CSV,14,2026-04-23T14:12:13,_y4,std,0.0,790
1_14.CSV,14,2026-04-23T14:12:13,_y4,variance,0.0,790
1_14.CSV,14,2026-04-23T14:12:13,_y5,mean,119.99,790
1_14.CSV,14,2026-04-23T14:12:13,_y5,std,0.0,790
1_14.CSV,14,2026-04-23T14:12:13,_y5,variance,0.0,790
1_14.CSV,14,2026-04-23T14:12:13,_y6,mean,119.93653164556962,790
1_14.CSV,14,2026-04-23T14:12:13,_y6,std,0.5336351295878139,790
1_14.CSV,14,2026-04-23T14:12:13,_y6,variance,0.28476645153020297,790
1_14.CSV,14,2026-04-23T14:12:13,_y7,mean,119.98877215189874,790
1_14.CSV,14,2026-04-23T14:12:13,_y7,std,0.03448920189375311,790
1_14.CSV,14,2026-04-23T14:12:13,_y7,variance,0.0011895050472680632,790
1_14.CSV,14,2026-04-23T14:12:13,_y8,mean,119.77365822784809,790
1_14.CSV,14,2026-04-23T14:12:13,_y8,std,1.237374889582381,790
1_14.CSV,14,2026-04-23T14:12:13,_y8,variance,1.53109661736901,790
1_14.CSV,14,2026-04-23T14:12:13,_y9,mean,114.92232911392405,790
1_14.CSV,14,2026-04-23T14:12:13,_y9,std,7.3088796449138425,790
1_14.CSV,14,2026-04-23T14:12:13,_y9,variance,53.419721663835894,790
1_14.CSV,14,2026-04-23T14:12:13,_y10,mean,106.23139240506327,790
1_14.CSV,14,2026-04-23T14:12:13,_y10,std,13.180104418842358,790
1_14.CSV,14,2026-04-23T14:12:13,_y10,variance,173.71515249158787,790
1_14.CSV,14,2026-04-23T14:12:13,_y11,mean,97.67867088607595,790
1_14.CSV,14,2026-04-23T14:12:13,_y11,std,13.134651046254481,790
1_14.CSV,14,2026-04-23T14:12:13,_y11,variance,172.51905810687393,790
1_14.CSV,14,2026-04-23T14:12:13,_y12,mean,70.26503797468355,790
1_14.CSV,14,2026-04-23T14:12:13,_y12,std,15.944790901648478,790
1_14.CSV,14,2026-04-23T14:12:13,_y12,variance,254.23635689729207,790
1_14.CSV,14,2026-04-23T14:12:13,_y13,mean,39.8972658227848,790
1_14.CSV,14,2026-04-23T14:12:13,_y13,std,10.015406366003013,790
1_14.CSV,14,2026-04-23T14:12:13,_y13,variance,100.30836467617368,790
1_14.CSV,14,2026-04-23T14:12:13,_y14,mean,33.57360759493671,790
1_14.CSV,14,2026-04-23T14:12:13,_y14,std,8.12931854605498,790
1_14.CSV,14,2026-04-23T14:12:13,_y14,variance,66.08582002323345,790
1_14.CSV,14,2026-04-23T14:12:13,_y15,mean,31.468962025316454,790
1_14.CSV,14,2026-04-23T14:12:13,_y15,std,6.631550418109254,790
1_14.CSV,14,2026-04-23T14:12:13,_y15,variance,43.97746094792502,790
1_15.CSV,15,2026-04-23T14:12:13,_y1,mean,110.09844649021865,869
1_15.CSV,15,2026-04-23T14:12:13,_y1,std,10.760157349881194,869
1_15.CSV,15,2026-04-23T14:12:13,_y1,variance,115.78098619420227,869
1_15.CSV,15,2026-04-23T14:12:13,_y2,mean,119.16682278481012,790
1_15.CSV,15,2026-04-23T14:12:13,_y2,std,2.4902740241648527,790
1_15.CSV,15,2026-04-23T14:12:13,_y2,variance,6.20146471543021,790
1_15.CSV,15,2026-04-23T14:12:13,_y3,mean,119.70888607594935,790
1_15.CSV,15,2026-04-23T14:12:13,_y3,std,1.258111614731608,790
1_15.CSV,15,2026-04-23T14:12:13,_y3,variance,1.5828448351225741,790
1_15.CSV,15,2026-04-23T14:12:13,_y4,mean,119.99,790
1_15.CSV,15,2026-04-23T14:12:13,_y4,std,0.0,790
1_15.CSV,15,2026-04-23T14:12:13,_y4,variance,0.0,790
1_15.CSV,15,2026-04-23T14:12:13,_y5,mean,119.99,790
1_15.CSV,15,2026-04-23T14:12:13,_y5,std,0.0,790
1_15.CSV,15,2026-04-23T14:12:13,_y5,variance,0.0,790
1_15.CSV,15,2026-04-23T14:12:13,_y6,mean,119.95537974683545,790
1_15.CSV,15,2026-04-23T14:12:13,_y6,std,0.36583879011021053,790
1_15.CSV,15,2026-04-23T14:12:13,_y6,variance,0.13383802034930267,790
1_15.CSV,15,2026-04-23T14:12:13,_y7,mean,119.99,790
1_15.CSV,15,2026-04-23T14:12:13,_y7,std,0.0,790
1_15.CSV,15,2026-04-23T14:12:13,_y7,variance,0.0,790
1_15.CSV,15,2026-04-23T14:12:13,_y8,mean,119.86167088607593,790
1_15.CSV,15,2026-04-23T14:12:13,_y8,std,0.8763260436173276,790
1_15.CSV,15,2026-04-23T14:12:13,_y8,variance,0.7679473347219983,790
1_15.CSV,15,2026-04-23T14:12:13,_y9,mean,116.0877088607595,790
1_15.CSV,15,2026-04-23T14:12:13,_y9,std,6.102796096357712,790
1_15.CSV,15,2026-04-23T14:12:13,_y9,variance,37.24412019371892,790
1_15.CSV,15,2026-04-23T14:12:13,_y10,mean,108.43996202531646,790
1_15.CSV,15,2026-04-23T14:12:13,_y10,std,12.452994022528886,790
1_15.CSV,15,2026-04-23T14:12:13,_y10,variance,155.07706012514018,790
1_15.CSV,15,2026-04-23T14:12:13,_y11,mean,100.41964556962026,790
1_15.CSV,15,2026-04-23T14:12:13,_y11,std,13.442865064419932,790
1_15.CSV,15,2026-04-23T14:12:13,_y11,variance,180.71062114020188,790
1_15.CSV,15,2026-04-23T14:12:13,_y12,mean,72.05389873417722,790
1_15.CSV,15,2026-04-23T14:12:13,_y12,std,16.56129398539733,790
1_15.CSV,15,2026-04-23T14:12:13,_y12,variance,274.27645847075786,790
1_15.CSV,15,2026-04-23T14:12:13,_y13,mean,40.87254430379747,790
1_15.CSV,15,2026-04-23T14:12:13,_y13,std,10.58866293575466,790
1_15.CSV,15,2026-04-23T14:12:13,_y13,variance,112.11978276702452,790
1_15.CSV,15,2026-04-23T14:12:13,_y14,mean,34.464506329113924,790
1_15.CSV,15,2026-04-23T14:12:13,_y14,std,8.473342469438512,790
1_15.CSV,15,2026-04-23T14:12:13,_y14,variance,71.79753260439033,790
1_15.CSV,15,2026-04-23T14:12:13,_y15,mean,31.97249367088607,790
1_15.CSV,15,2026-04-23T14:12:13,_y15,std,6.8828395659397925,790
1_15.CSV,15,2026-04-23T14:12:13,_y15,variance,47.37348049046627,790
1_16.CSV,16,2026-04-23T14:12:13,_y1,mean,111.72787111622556,869
1_16.CSV,16,2026-04-23T14:12:13,_y1,std,9.719612974055977,869
1_16.CSV,16,2026-04-23T14:12:13,_y1,variance,94.47087636543726,869
1_16.CSV,16,2026-04-23T14:12:13,_y2,mean,119.49243037974682,790
1_16.CSV,16,2026-04-23T14:12:13,_y2,std,1.736624010548563,790
1_16.CSV,16,2026-04-23T14:12:13,_y2,variance,3.0158629540137754,790
1_16.CSV,16,2026-04-23T14:12:13,_y3,mean,119.84282278481011,790
1_16.CSV,16,2026-04-23T14:12:13,_y3,std,0.8358909483033865,790
1_16.CSV,16,2026-04-23T14:12:13,_y3,variance,0.6987136774555347,790
1_16.CSV,16,2026-04-23T14:12:13,_y4,mean,119.99,790
1_16.CSV,16,2026-04-23T14:12:13,_y4,std,0.0,790
1_16.CSV,16,2026-04-23T14:12:13,_y4,variance,0.0,790
1_16.CSV,16,2026-04-23T14:12:13,_y5,mean,119.99,790
1_16.CSV,16,2026-04-23T14:12:13,_y5,std,0.0,790
1_16.CSV,16,2026-04-23T14:12:13,_y5,variance,0.0,790
1_16.CSV,16,2026-04-23T14:12:13,_y6,mean,119.96684810126582,790
1_16.CSV,16,2026-04-23T14:12:13,_y6,std,0.2634245064485466,790
1_16.CSV,16,2026-04-23T14:12:13,_y6,variance,0.06939247059766038,790
1_16.CSV,16,2026-04-23T14:12:13,_y7,mean,119.99,790
1_16.CSV,16,2026-04-23T14:12:13,_y7,std,0.0,790
1_16.CSV,16,2026-04-23T14:12:13,_y7,variance,0.0,790
1_16.CSV,16,2026-04-23T14:12:13,_y8,mean,119.90925316455694,790
1_16.CSV,16,2026-04-23T14:12:13,_y8,std,0.6259308605883083,790
1_16.CSV,16,2026-04-23T14:12:13,_y8,variance,0.39178944223682016,790
1_16.CSV,16,2026-04-23T14:12:13,_y9,mean,116.94329113924051,790
1_16.CSV,16,2026-04-23T14:12:13,_y9,std,5.224845033500867,790
1_16.CSV,16,2026-04-23T14:12:13,_y9,variance,27.29900562409868,790
1_16.CSV,16,2026-04-23T14:12:13,_y10,mean,109.89,790
1_16.CSV,16,2026-04-23T14:12:13,_y10,std,11.72321541842661,790
1_16.CSV,16,2026-04-23T14:12:13,_y10,variance,137.4337797468354,790
1_16.CSV,16,2026-04-23T14:12:13,_y11,mean,103.08411392405061,790
1_16.CSV,16,2026-04-23T14:12:13,_y11,std,13.460003702001993,790
1_16.CSV,16,2026-04-23T14:12:13,_y11,variance,181.17169965790737,790
1_16.CSV,16,2026-04-23T14:12:13,_y12,mean,73.66151898734176,790
1_16.CSV,16,2026-04-23T14:12:13,_y12,std,17.2639286997014,790
1_16.CSV,16,2026-04-23T14:12:13,_y12,variance,298.04323414837364,790
1_16.CSV,16,2026-04-23T14:12:13,_y13,mean,41.58692405063291,790
1_16.CSV,16,2026-04-23T14:12:13,_y13,std,11.292889452399024,790
1_16.CSV,16,2026-04-23T14:12:13,_y13,variance,127.52935218410514,790
1_16.CSV,16,2026-04-23T14:12:13,_y14,mean,34.88507594936709,790
1_16.CSV,16,2026-04-23T14:12:13,_y14,std,9.237298179254557,790
1_16.CSV,16,2026-04-23T14:12:13,_y14,variance,85.32767765245956,790
1_16.CSV,16,2026-04-23T14:12:13,_y15,mean,32.54592405063291,790
1_16.CSV,16,2026-04-23T14:12:13,_y15,std,7.464449675378421,790
1_16.CSV,16,2026-04-23T14:12:13,_y15,variance,55.71800895625701,790
1_17.CSV,17,2026-04-23T14:12:13,_y1,mean,113.20056386651325,869
1_17.CSV,17,2026-04-23T14:12:13,_y1,std,8.637261400014538,869
1_17.CSV,17,2026-04-23T14:12:13,_y1,variance,74.6022844921811,869
1_17.CSV,17,2026-04-23T14:12:13,_y2,mean,119.71646835443036,790
1_17.CSV,17,2026-04-23T14:12:13,_y2,std,1.1813798233308537,790
1_17.CSV,17,2026-04-23T14:12:13,_y2,variance,1.3956582869732388,790
1_17.CSV,17,2026-04-23T14:12:13,_y3,mean,119.91875949367088,790
1_17.CSV,17,2026-04-23T14:12:13,_y3,std,0.5222119268908787,790
1_17.CSV,17,2026-04-23T14:12:13,_y3,variance,0.2727052965870845,790
1_17.CSV,17,2026-04-23T14:12:13,_y4,mean,119.99,790
1_17.CSV,17,2026-04-23T14:12:13,_y4,std,0.0,790
1_17.CSV,17,2026-04-23T14:12:13,_y4,variance,0.0,790
1_17.CSV,17,2026-04-23T14:12:13,_y5,mean,119.99,790
1_17.CSV,17,2026-04-23T14:12:13,_y5,std,0.0,790
1_17.CSV,17,2026-04-23T14:12:13,_y5,variance,0.0,790
1_17.CSV,17,2026-04-23T14:12:13,_y6,mean,119.97454430379744,790
1_17.CSV,17,2026-04-23T14:12:13,_y6,std,0.19119009676357354,790
1_17.CSV,17,2026-04-23T14:12:13,_y6,variance,0.036553653100464614,790
1_17.CSV,17,2026-04-23T14:12:13,_y7,mean,119.99,790
1_17.CSV,17,2026-04-23T14:12:13,_y7,std,0.0,790
1_17.CSV,17,2026-04-23T14:12:13,_y7,variance,0.0,790
1_17.CSV,17,2026-04-23T14:12:13,_y8,mean,119.94744303797467,790
1_17.CSV,17,2026-04-23T14:12:13,_y8,std,0.4091897441961701,790
1_17.CSV,17,2026-04-23T14:12:13,_y8,variance,0.16743624675532714,790
1_17.CSV,17,2026-04-23T14:12:13,_y9,mean,117.72832911392406,790
1_17.CSV,17,2026-04-23T14:12:13,_y9,std,4.2921709408357565,790
1_17.CSV,17,2026-04-23T14:12:13,_y9,variance,18.4227313853549,790
1_17.CSV,17,2026-04-23T14:12:13,_y10,mean,111.28041772151899,790
1_17.CSV,17,2026-04-23T14:12:13,_y10,std,10.859153168964312,790
1_17.CSV,17,2026-04-23T14:12:13,_y10,variance,117.92120754702768,790
1_17.CSV,17,2026-04-23T14:12:13,_y11,mean,105.27632911392405,790
1_17.CSV,17,2026-04-23T14:12:13,_y11,std,13.349194872342874,790
1_17.CSV,17,2026-04-23T14:12:13,_y11,variance,178.20100373978528,790
1_17.CSV,17,2026-04-23T14:12:13,_y12,mean,75.36774683544304,790
1_17.CSV,17,2026-04-23T14:12:13,_y12,std,17.956724652333044,790
1_17.CSV,17,2026-04-23T14:12:13,_y12,variance,322.44396023970523,790
1_17.CSV,17,2026-04-23T14:12:13,_y13,mean,42.37492405063291,790
1_17.CSV,17,2026-04-23T14:12:13,_y13,std,11.865719805945993,790
1_17.CSV,17,2026-04-23T14:12:13,_y13,variance,140.79530651321903,790
1_17.CSV,17,2026-04-23T14:12:13,_y14,mean,35.46507594936708,790
1_17.CSV,17,2026-04-23T14:12:13,_y14,std,9.605342918874287,790
1_17.CSV,17,2026-04-23T14:12:13,_y14,variance,92.26261258916841,790
1_17.CSV,17,2026-04-23T14:12:13,_y15,mean,32.89653164556962,790
1_17.CSV,17,2026-04-23T14:12:13,_y15,std,7.802121141050777,790
1_17.CSV,17,2026-04-23T14:12:13,_y15,variance,60.873094299631475,790
1_18.CSV,18,2026-04-23T14:12:13,_y1,mean,114.42415420023015,869
1_18.CSV,18,2026-04-23T14:12:13,_y1,std,7.7230129186989105,869
1_18.CSV,18,2026-04-23T14:12:13,_y1,variance,59.64492854239027,869
1_18.CSV,18,2026-04-23T14:12:13,_y2,mean,119.85511392405064,790
1_18.CSV,18,2026-04-23T14:12:13,_y2,std,0.6997950330540591,790
1_18.CSV,18,2026-04-23T14:12:13,_y2,variance,0.48971308828713167,790
1_18.CSV,18,2026-04-23T14:12:13,_y3,mean,119.94779746835442,790
1_18.CSV,18,2026-04-23T14:12:13,_y3,std,0.36218249752380033,790
1_18.CSV,18,2026-04-23T14:12:13,_y3,variance,0.13117616151257763,790
1_18.CSV,18,2026-04-23T14:12:13,_y4,mean,119.99,790
1_18.CSV,18,2026-04-23T14:12:13,_y4,std,0.0,790
1_18.CSV,18,2026-04-23T14:12:13,_y4,variance,0.0,790
1_18.CSV,18,2026-04-23T14:12:13,_y5,mean,119.99,790
1_18.CSV,18,2026-04-23T14:12:13,_y5,std,0.0,790
1_18.CSV,18,2026-04-23T14:12:13,_y5,variance,0.0,790
1_18.CSV,18,2026-04-23T14:12:13,_y6,mean,119.98232911392402,790
1_18.CSV,18,2026-04-23T14:12:13,_y6,std,0.1065602250253003,790
1_18.CSV,18,2026-04-23T14:12:13,_y6,variance,0.011355081557442637,790
1_18.CSV,18,2026-04-23T14:12:13,_y7,mean,119.99,790
1_18.CSV,18,2026-04-23T14:12:13,_y7,std,0.0,790
1_18.CSV,18,2026-04-23T14:12:13,_y7,variance,0.0,790
1_18.CSV,18,2026-04-23T14:12:13,_y8,mean,119.96612658227846,790
1_18.CSV,18,2026-04-23T14:12:13,_y8,std,0.27222511938191174,790
1_18.CSV,18,2026-04-23T14:12:13,_y8,variance,0.0741065156224961,790
1_18.CSV,18,2026-04-23T14:12:13,_y9,mean,118.3029746835443,790
1_18.CSV,18,2026-04-23T14:12:13,_y9,std,3.5946535738252665,790
1_18.CSV,18,2026-04-23T14:12:13,_y9,variance,12.92153431581476,790
1_18.CSV,18,2026-04-23T14:12:13,_y10,mean,112.29222784810125,790
1_18.CSV,18,2026-04-23T14:12:13,_y10,std,10.179148187422312,790
1_18.CSV,18,2026-04-23T14:12:13,_y10,variance,103.61505782150293,790
1_18.CSV,18,2026-04-23T14:12:13,_y11,mean,107.22659493670885,790
1_18.CSV,18,2026-04-23T14:12:13,_y11,std,13.029811268651715,790
1_18.CSV,18,2026-04-23T14:12:13,_y11,variance,169.7759816966832,790
1_18.CSV,18,2026-04-23T14:12:13,_y12,mean,76.51822784810126,790
1_18.CSV,18,2026-04-23T14:12:13,_y12,std,18.448027534060447,790
1_18.CSV,18,2026-04-23T14:12:13,_y12,variance,340.3297198974523,790
1_18.CSV,18,2026-04-23T14:12:13,_y13,mean,42.997848101265824,790
1_18.CSV,18,2026-04-23T14:12:13,_y13,std,12.401993497462575,790
1_18.CSV,18,2026-04-23T14:12:13,_y13,variance,153.809442711104,790
1_18.CSV,18,2026-04-23T14:12:13,_y14,mean,35.859784810126584,790
1_18.CSV,18,2026-04-23T14:12:13,_y14,std,10.250810024394411,790
1_18.CSV,18,2026-04-23T14:12:13,_y14,variance,105.07910615622495,790
1_18.CSV,18,2026-04-23T14:12:13,_y15,mean,33.227493670886076,790
1_18.CSV,18,2026-04-23T14:12:13,_y15,std,8.232773179472606,790
1_18.CSV,18,2026-04-23T14:12:13,_y15,variance,67.77855422464349,790
1_19.CSV,19,2026-04-23T14:12:13,_y1,mean,115.3788837744534,869
1_19.CSV,19,2026-04-23T14:12:13,_y1,std,6.834765459921083,869
1_19.CSV,19,2026-04-23T14:12:13,_y1,variance,46.71401889213026,869
1_19.CSV,19,2026-04-23T14:12:13,_y2,mean,119.92016455696202,790
1_19.CSV,19,2026-04-23T14:12:13,_y2,std,0.46487738768328307,790
1_19.CSV,19,2026-04-23T14:12:13,_y2,variance,0.21611098557923347,790
1_19.CSV,19,2026-04-23T14:12:13,_y3,mean,119.97286075949367,790
1_19.CSV,19,2026-04-23T14:12:13,_y3,std,0.1948466930092432,790
1_19.CSV,19,2026-04-23T14:12:13,_y3,variance,0.03796523377663827,790
1_19.CSV,19,2026-04-23T14:12:13,_y4,mean,119.99,790
1_19.CSV,19,2026-04-23T14:12:13,_y4,std,0.0,790
1_19.CSV,19,2026-04-23T14:12:13,_y4,variance,0.0,790
1_19.CSV,19,2026-04-23T14:12:13,_y5,mean,119.99,790
1_19.CSV,19,2026-04-23T14:12:13,_y5,std,0.0,790
1_19.CSV,19,2026-04-23T14:12:13,_y5,variance,0.0,790
1_19.CSV,19,2026-04-23T14:12:13,_y6,mean,119.98587341772149,790
1_19.CSV,19,2026-04-23T14:12:13,_y6,std,0.0684100383278313,790
1_19.CSV,19,2026-04-23T14:12:13,_y6,variance,0.004679933344015347,790
1_19.CSV,19,2026-04-23T14:12:13,_y7,mean,119.99,790
1_19.CSV,19,2026-04-23T14:12:13,_y7,std,0.0,790
1_19.CSV,19,2026-04-23T14:12:13,_y7,variance,0.0,790
1_19.CSV,19,2026-04-23T14:12:13,_y8,mean,119.97820253164555,790
1_19.CSV,19,2026-04-23T14:12:13,_y8,std,0.1742101437081258,790
1_19.CSV,19,2026-04-23T14:12:13,_y8,variance,0.03034917417080584,790
1_19.CSV,19,2026-04-23T14:12:13,_y9,mean,118.76770886075948,790
1_19.CSV,19,2026-04-23T14:12:13,_y9,std,2.886970808110727,790
1_19.CSV,19,2026-04-23T14:12:13,_y9,variance,8.334600446883504,790
1_19.CSV,19,2026-04-23T14:12:13,_y10,mean,113.19816455696203,790
1_19.CSV,19,2026-04-23T14:12:13,_y10,std,9.421973041684923,790
1_19.CSV,19,2026-04-23T14:12:13,_y10,variance,88.77357599823743,790
1_19.CSV,19,2026-04-23T14:12:13,_y11,mean,108.73121518987342,790
1_19.CSV,19,2026-04-23T14:12:13,_y11,std,12.761743335206726,790
1_19.CSV,19,2026-04-23T14:12:13,_y11,variance,162.8620929536933,790
1_19.CSV,19,2026-04-23T14:12:13,_y12,mean,78.19210126582279,790
1_19.CSV,19,2026-04-23T14:12:13,_y12,std,18.910965960504647,790
1_19.CSV,19,2026-04-23T14:12:13,_y12,variance,357.62463355936546,790
1_19.CSV,19,2026-04-23T14:12:13,_y13,mean,43.9313417721519,790
1_19.CSV,19,2026-04-23T14:12:13,_y13,std,12.888565071102855,790
1_19.CSV,19,2026-04-23T14:12:13,_y13,variance,166.11510959205256,790
1_19.CSV,19,2026-04-23T14:12:13,_y14,mean,36.45624050632912,790
1_19.CSV,19,2026-04-23T14:12:13,_y14,std,10.891730572023398,790
1_19.CSV,19,2026-04-23T14:12:13,_y14,variance,118.62979485354913,790
1_19.CSV,19,2026-04-23T14:12:13,_y15,mean,33.84881012658228,790
1_19.CSV,19,2026-04-23T14:12:13,_y15,std,8.884774722824462,790
1_19.CSV,19,2026-04-23T14:12:13,_y15,variance,78.93922187534048,790
1_20.CSV,20,2026-04-23T14:12:13,_y1,mean,116.28375143843499,869
1_20.CSV,20,2026-04-23T14:12:13,_y1,std,6.03100653139386,869
1_20.CSV,20,2026-04-23T14:12:13,_y1,variance,36.3730397817154,869
1_20.CSV,20,2026-04-23T14:12:13,_y2,mean,119.96901265822785,790
1_20.CSV,20,2026-04-23T14:12:13,_y2,std,0.18574458396594062,790
1_20.CSV,20,2026-04-23T14:12:13,_y2,variance,0.034501050472680365,790
1_20.CSV,20,2026-04-23T14:12:13,_y3,mean,119.98418987341772,790
1_20.CSV,20,2026-04-23T14:12:13,_y3,std,0.09166139890570639,790
1_20.CSV,20,2026-04-23T14:12:13,_y3,variance,0.008401812049351033,790
1_20.CSV,20,2026-04-23T14:12:13,_y4,mean,119.99,790
1_20.CSV,20,2026-04-23T14:12:13,_y4,std,0.0,790
1_20.CSV,20,2026-04-23T14:12:13,_y4,variance,0.0,790
1_20.CSV,20,2026-04-23T14:12:13,_y5,mean,119.99,790
1_20.CSV,20,2026-04-23T14:12:13,_y5,std,0.0,790
1_20.CSV,20,2026-04-23T14:12:13,_y5,variance,0.0,790
1_20.CSV,20,2026-04-23T14:12:13,_y6,mean,119.98834177215188,790
1_20.CSV,20,2026-04-23T14:12:13,_y6,std,0.033713756376460915,790
1_20.CSV,20,2026-04-23T14:12:13,_y6,variance,0.001136617369011359,790
1_20.CSV,20,2026-04-23T14:12:13,_y7,mean,119.99,790
1_20.CSV,20,2026-04-23T14:12:13,_y7,std,0.0,790
1_20.CSV,20,2026-04-23T14:12:13,_y7,variance,0.0,790
1_20.CSV,20,2026-04-23T14:12:13,_y8,mean,119.985,790
1_20.CSV,20,2026-04-23T14:12:13,_y8,std,0.08882175295201228,790
1_20.CSV,20,2026-04-23T14:12:13,_y8,variance,0.007889303797468302,790
1_20.CSV,20,2026-04-23T14:12:13,_y9,mean,119.098,790
1_20.CSV,20,2026-04-23T14:12:13,_y9,std,2.3911062637526075,790
1_20.CSV,20,2026-04-23T14:12:13,_y9,variance,5.717389164556954,790
1_20.CSV,20,2026-04-23T14:12:13,_y10,mean,113.82143037974684,790
1_20.CSV,20,2026-04-23T14:12:13,_y10,std,8.950289895854576,790
1_20.CSV,20,2026-04-23T14:12:13,_y10,variance,80.10768921983653,790
1_20.CSV,20,2026-04-23T14:12:13,_y11,mean,109.9690759493671,790
1_20.CSV,20,2026-04-23T14:12:13,_y11,std,12.341776436227754,790
1_20.CSV,20,2026-04-23T14:12:13,_y11,variance,152.31944560182663,790
1_20.CSV,20,2026-04-23T14:12:13,_y12,mean,78.83177215189873,790
1_20.CSV,20,2026-04-23T14:12:13,_y12,std,19.274750970135603,790
1_20.CSV,20,2026-04-23T14:12:13,_y12,variance,371.51602496074344,790
1_20.CSV,20,2026-04-23T14:12:13,_y13,mean,44.4186582278481,790
1_20.CSV,20,2026-04-23T14:12:13,_y13,std,13.27734990418376,790
1_20.CSV,20,2026-04-23T14:12:13,_y13,variance,176.2880204781285,790
1_20.CSV,20,2026-04-23T14:12:13,_y14,mean,36.82810126582278,790
1_20.CSV,20,2026-04-23T14:12:13,_y14,std,11.247660671091731,790
1_20.CSV,20,2026-04-23T14:12:13,_y14,variance,126.50987057202371,790
1_20.CSV,20,2026-04-23T14:12:13,_y15,mean,34.07632911392405,790
1_20.CSV,20,2026-04-23T14:12:13,_y15,std,9.171748653339693,790
1_20.CSV,20,2026-04-23T14:12:13,_y15,variance,84.12097336003846,790
1_21.CSV,21,2026-04-23T14:12:13,_y1,mean,116.98457997698505,869
1_21.CSV,21,2026-04-23T14:12:13,_y1,std,5.28305994732313,869
1_21.CSV,21,2026-04-23T14:12:13,_y1,variance,27.910722407009875,869
1_21.CSV,21,2026-04-23T14:12:13,_y2,mean,119.98662025316455,790
1_21.CSV,21,2026-04-23T14:12:13,_y2,std,0.04282546379553829,790
1_21.CSV,21,2026-04-23T14:12:13,_y2,variance,0.0018340203493029607,790
1_21.CSV,21,2026-04-23T14:12:13,_y3,mean,119.9886835443038,790
1_21.CSV,21,2026-04-23T14:12:13,_y3,std,0.026937125246614964,790
1_21.CSV,21,2026-04-23T14:12:13,_y3,variance,0.0007256087165518212,790
1_21.CSV,21,2026-04-23T14:12:13,_y4,mean,119.99,790
1_21.CSV,21,2026-04-23T14:12:13,_y4,std,0.0,790
1_21.CSV,21,2026-04-23T14:12:13,_y4,variance,0.0,790
1_21.CSV,21,2026-04-23T14:12:13,_y5,mean,119.99,790
1_21.CSV,21,2026-04-23T14:12:13,_y5,std,0.0,790
1_21.CSV,21,2026-04-23T14:12:13,_y5,variance,0.0,790
1_21.CSV,21,2026-04-23T14:12:13,_y6,mean,119.99,790
1_21.CSV,21,2026-04-23T14:12:13,_y6,std,0.0,790
1_21.CSV,21,2026-04-23T14:12:13,_y6,variance,0.0,790
1_21.CSV,21,2026-04-23T14:12:13,_y7,mean,119.99,790
1_21.CSV,21,2026-04-23T14:12:13,_y7,std,0.0,790
1_21.CSV,21,2026-04-23T14:12:13,_y7,variance,0.0,790
1_21.CSV,21,2026-04-23T14:12:13,_y8,mean,119.98811392405061,790
1_21.CSV,21,2026-04-23T14:12:13,_y8,std,0.04921780251699389,790
1_21.CSV,21,2026-04-23T14:12:13,_y8,variance,0.00242239208460181,790
1_21.CSV,21,2026-04-23T14:12:13,_y9,mean,119.29922784810125,790
1_21.CSV,21,2026-04-23T14:12:13,_y9,std,2.0268814447626706,790
1_21.CSV,21,2026-04-23T14:12:13,_y9,variance,4.108248391123212,790
1_21.CSV,21,2026-04-23T14:12:13,_y10,mean,114.45941772151899,790
1_21.CSV,21,2026-04-23T14:12:13,_y10,std,8.41575171188775,790
1_21.CSV,21,2026-04-23T14:12:13,_y10,variance,70.8248768761416,790
1_21.CSV,21,2026-04-23T14:12:13,_y11,mean,111.09888607594937,790
1_21.CSV,21,2026-04-23T14:12:13,_y11,std,11.897642943874752,790
1_21.CSV,21,2026-04-23T14:12:13,_y11,variance,141.5539076199327,790
1_21.CSV,21,2026-04-23T14:12:13,_y12,mean,80.27670886075948,790
1_21.CSV,21,2026-04-23T14:12:13,_y12,std,19.697359337347862,790
1_21.CSV,21,2026-04-23T14:12:13,_y12,variance,387.985964864605,790
1_21.CSV,21,2026-04-23T14:12:13,_y13,mean,44.93643037974683,790
1_21.CSV,21,2026-04-23T14:12:13,_y13,std,13.791300336782252,790
1_21.CSV,21,2026-04-23T14:12:13,_y13,variance,190.19996497933025,790
1_21.CSV,21,2026-04-23T14:12:13,_y14,mean,37.196113924050636,790
1_21.CSV,21,2026-04-23T14:12:13,_y14,std,11.75739820793413,790
1_21.CSV,21,2026-04-23T14:12:13,_y14,variance,138.2364126199327,790
1_21.CSV,21,2026-04-23T14:12:13,_y15,mean,34.31240506329114,790
1_21.CSV,21,2026-04-23T14:12:13,_y15,std,9.725654228124586,790
1_21.CSV,21,2026-04-23T14:12:13,_y15,variance,94.58835016503765,790
1_22.CSV,22,2026-04-23T14:12:13,_y1,mean,117.75813578826238,869
1_22.CSV,22,2026-04-23T14:12:13,_y1,std,4.398585840845106,869
1_22.CSV,22,2026-04-23T14:12:13,_y1,variance,19.34755739928305,869
1_22.CSV,22,2026-04-23T14:12:13,_y2,mean,119.99,790
1_22.CSV,22,2026-04-23T14:12:13,_y2,std,0.0,790
1_22.CSV,22,2026-04-23T14:12:13,_y2,variance,0.0,790
1_22.CSV,22,2026-04-23T14:12:13,_y3,mean,119.99,790
1_22.CSV,22,2026-04-23T14:12:13,_y3,std,0.0,790
1_22.CSV,22,2026-04-23T14:12:13,_y3,variance,0.0,790
1_22.CSV,22,2026-04-23T14:12:13,_y4,mean,119.99,790
1_22.CSV,22,2026-04-23T14:12:13,_y4,std,0.0,790
1_22.CSV,22,2026-04-23T14:12:13,_y4,variance,0.0,790
1_22.CSV,22,2026-04-23T14:12:13,_y5,mean,119.99,790
1_22.CSV,22,2026-04-23T14:12:13,_y5,std,0.0,790
1_22.CSV,22,2026-04-23T14:12:13,_y5,variance,0.0,790
1_22.CSV,22,2026-04-23T14:12:13,_y6,mean,119.99,790
1_22.CSV,22,2026-04-23T14:12:13,_y6,std,0.0,790
1_22.CSV,22,2026-04-23T14:12:13,_y6,variance,0.0,790
1_22.CSV,22,2026-04-23T14:12:13,_y7,mean,119.99,790
1_22.CSV,22,2026-04-23T14:12:13,_y7,std,0.0,790
1_22.CSV,22,2026-04-23T14:12:13,_y7,variance,0.0,790
1_22.CSV,22,2026-04-23T14:12:13,_y8,mean,119.98939240506328,790
1_22.CSV,22,2026-04-23T14:12:13,_y8,std,0.0170668215556713,790
1_22.CSV,22,2026-04-23T14:12:13,_y8,variance,0.0002912763980131265,790
1_22.CSV,22,2026-04-23T14:12:13,_y9,mean,119.53207594936708,790
1_22.CSV,22,2026-04-23T14:12:13,_y9,std,1.4754343687572724,790
1_22.CSV,22,2026-04-23T14:12:13,_y9,variance,2.176906576510171,790
1_22.CSV,22,2026-04-23T14:12:13,_y10,mean,115.00383544303797,790
1_22.CSV,22,2026-04-23T14:12:13,_y10,std,7.850621266926487,790
1_22.CSV,22,2026-04-23T14:12:13,_y10,variance,61.63225427671845,790
1_22.CSV,22,2026-04-23T14:12:13,_y11,mean,111.73906329113925,790
1_22.CSV,22,2026-04-23T14:12:13,_y11,std,11.59509120857765,790
1_22.CSV,22,2026-04-23T14:12:13,_y11,variance,134.4461401352347,790
1_22.CSV,22,2026-04-23T14:12:13,_y12,mean,80.9853924050633,790
1_22.CSV,22,2026-04-23T14:12:13,_y12,std,20.065756655617896,790
1_22.CSV,22,2026-04-23T14:12:13,_y12,variance,402.63459016247396,790
1_22.CSV,22,2026-04-23T14:12:13,_y13,mean,45.573037974683544,790
1_22.CSV,22,2026-04-23T14:12:13,_y13,std,14.420894041214124,790
1_22.CSV,22,2026-04-23T14:12:13,_y13,variance,207.96218494792504,790
1_22.CSV,22,2026-04-23T14:12:13,_y14,mean,37.81950632911392,790
1_22.CSV,22,2026-04-23T14:12:13,_y14,std,12.091157816819106,790
1_22.CSV,22,2026-04-23T14:12:13,_y14,variance,146.19609735122575,790
1_22.CSV,22,2026-04-23T14:12:13,_y15,mean,34.803481012658224,790
1_22.CSV,22,2026-04-23T14:12:13,_y15,std,10.221371649092895,790
1_22.CSV,22,2026-04-23T14:12:13,_y15,variance,104.47643838888,790
1_23.CSV,23,2026-04-23T14:12:13,_y1,mean,118.24172612197928,869
1_23.CSV,23,2026-04-23T14:12:13,_y1,std,3.7953413104252265,869
1_23.CSV,23,2026-04-23T14:12:13,_y1,variance,14.404615662620277,869
1_23.CSV,23,2026-04-23T14:12:13,_y2,mean,119.99,790
1_23.CSV,23,2026-04-23T14:12:13,_y2,std,0.0,790
1_23.CSV,23,2026-04-23T14:12:13,_y2,variance,0.0,790
1_23.CSV,23,2026-04-23T14:12:13,_y3,mean,119.99,790
1_23.CSV,23,2026-04-23T14:12:13,_y3,std,0.0,790
1_23.CSV,23,2026-04-23T14:12:13,_y3,variance,0.0,790
1_23.CSV,23,2026-04-23T14:12:13,_y4,mean,119.99,790
1_23.CSV,23,2026-04-23T14:12:13,_y4,std,0.0,790
1_23.CSV,23,2026-04-23T14:12:13,_y4,variance,0.0,790
1_23.CSV,23,2026-04-23T14:12:13,_y5,mean,119.99,790
1_23.CSV,23,2026-04-23T14:12:13,_y5,std,0.0,790
1_23.CSV,23,2026-04-23T14:12:13,_y5,variance,0.0,790
1_23.CSV,23,2026-04-23T14:12:13,_y6,mean,119.99,790
1_23.CSV,23,2026-04-23T14:12:13,_y6,std,0.0,790
1_23.CSV,23,2026-04-23T14:12:13,_y6,variance,0.0,790
1_23.CSV,23,2026-04-23T14:12:13,_y7,mean,119.99,790
1_23.CSV,23,2026-04-23T14:12:13,_y7,std,0.0,790
1_23.CSV,23,2026-04-23T14:12:13,_y7,variance,0.0,790
1_23.CSV,23,2026-04-23T14:12:13,_y8,mean,119.99,790
1_23.CSV,23,2026-04-23T14:12:13,_y8,std,0.0,790
1_23.CSV,23,2026-04-23T14:12:13,_y8,variance,0.0,790
1_23.CSV,23,2026-04-23T14:12:13,_y9,mean,119.69703797468355,790
1_23.CSV,23,2026-04-23T14:12:13,_y9,std,1.1617914303659864,790
1_23.CSV,23,2026-04-23T14:12:13,_y9,variance,1.349759327671845,790
1_23.CSV,23,2026-04-23T14:12:13,_y10,mean,115.51856962025317,790
1_23.CSV,23,2026-04-23T14:12:13,_y10,std,7.247267986660176,790
1_23.CSV,23,2026-04-23T14:12:13,_y10,variance,52.52289327046944,790
1_23.CSV,23,2026-04-23T14:12:13,_y11,mean,112.54330379746834,790
1_23.CSV,23,2026-04-23T14:12:13,_y11,std,10.946807180148586,790
1_23.CSV,23,2026-04-23T14:12:13,_y11,variance,119.83258743935262,790
1_23.CSV,23,2026-04-23T14:12:13,_y12,mean,81.8943417721519,790
1_23.CSV,23,2026-04-23T14:12:13,_y12,std,20.39096188491491,790
1_23.CSV,23,2026-04-23T14:12:13,_y12,variance,415.79132659205254,790
1_23.CSV,23,2026-04-23T14:12:13,_y13,mean,46.21791139240506,790
1_23.CSV,23,2026-04-23T14:12:13,_y13,std,14.623487984321379,790
1_23.CSV,23,2026-04-23T14:12:13,_y13,variance,213.84640082759176,790
1_23.CSV,23,2026-04-23T14:12:13,_y14,mean,38.39189873417721,790
1_23.CSV,23,2026-04-23T14:12:13,_y14,std,12.572504848555852,790
1_23.CSV,23,2026-04-23T14:12:13,_y14,variance,158.0678781669604,790
1_23.CSV,23,2026-04-23T14:12:13,_y15,mean,35.43849367088608,790
1_23.CSV,23,2026-04-23T14:12:13,_y15,std,10.50035790272898,790
1_23.CSV,23,2026-04-23T14:12:13,_y15,variance,110.25751608540297,790
1_24.CSV,24,2026-04-23T14:12:13,_y1,mean,118.65968929804372,869
1_24.CSV,24,2026-04-23T14:12:13,_y1,std,3.255905498771123,869
1_24.CSV,24,2026-04-23T14:12:13,_y1,variance,10.600920616928034,869
1_24.CSV,24,2026-04-23T14:12:13,_y2,mean,119.99,790
1_24.CSV,24,2026-04-23T14:12:13,_y2,std,0.0,790
1_24.CSV,24,2026-04-23T14:12:13,_y2,variance,0.0,790
1_24.CSV,24,2026-04-23T14:12:13,_y3,mean,119.99,790
1_24.CSV,24,2026-04-23T14:12:13,_y3,std,0.0,790
1_24.CSV,24,2026-04-23T14:12:13,_y3,variance,0.0,790
1_24.CSV,24,2026-04-23T14:12:13,_y4,mean,119.99,790
1_24.CSV,24,2026-04-23T14:12:13,_y4,std,0.0,790
1_24.CSV,24,2026-04-23T14:12:13,_y4,variance,0.0,790
1_24.CSV,24,2026-04-23T14:12:13,_y5,mean,119.99,790
1_24.CSV,24,2026-04-23T14:12:13,_y5,std,0.0,790
1_24.CSV,24,2026-04-23T14:12:13,_y5,variance,0.0,790
1_24.CSV,24,2026-04-23T14:12:13,_y6,mean,119.99,790
1_24.CSV,24,2026-04-23T14:12:13,_y6,std,0.0,790
1_24.CSV,24,2026-04-23T14:12:13,_y6,variance,0.0,790
1_24.CSV,24,2026-04-23T14:12:13,_y7,mean,119.99,790
1_24.CSV,24,2026-04-23T14:12:13,_y7,std,0.0,790
1_24.CSV,24,2026-04-23T14:12:13,_y7,variance,0.0,790
1_24.CSV,24,2026-04-23T14:12:13,_y8,mean,119.99,790
1_24.CSV,24,2026-04-23T14:12:13,_y8,std,0.0,790
1_24.CSV,24,2026-04-23T14:12:13,_y8,variance,0.0,790
1_24.CSV,24,2026-04-23T14:12:13,_y9,mean,119.78636708860758,790
1_24.CSV,24,2026-04-23T14:12:13,_y9,std,0.9251283000617083,790
1_24.CSV,24,2026-04-23T14:12:13,_y9,variance,0.8558623715750662,790
1_24.CSV,24,2026-04-23T14:12:13,_y10,mean,115.97554430379746,790
1_24.CSV,24,2026-04-23T14:12:13,_y10,std,6.7243753007060825,790
1_24.CSV,24,2026-04-23T14:12:13,_y10,variance,45.21722318474601,790
1_24.CSV,24,2026-04-23T14:12:13,_y11,mean,112.97502531645569,790
1_24.CSV,24,2026-04-23T14:12:13,_y11,std,10.592291462052984,790
1_24.CSV,24,2026-04-23T14:12:13,_y11,variance,112.19663841708055,790
1_24.CSV,24,2026-04-23T14:12:13,_y12,mean,82.65062025316455,790
1_24.CSV,24,2026-04-23T14:12:13,_y12,std,20.64618003703385,790
1_24.CSV,24,2026-04-23T14:12:13,_y12,variance,426.2647501216151,790
1_24.CSV,24,2026-04-23T14:12:13,_y13,mean,46.702050632911394,790
1_24.CSV,24,2026-04-23T14:12:13,_y13,std,15.086744818304119,790
1_24.CSV,24,2026-04-23T14:12:13,_y13,variance,227.60986921262617,790
1_24.CSV,24,2026-04-23T14:12:13,_y14,mean,38.769075949367085,790
1_24.CSV,24,2026-04-23T14:12:13,_y14,std,13.072255586093615,790
1_24.CSV,24,2026-04-23T14:12:13,_y14,variance,170.88386610815573,790
1_24.CSV,24,2026-04-23T14:12:13,_y15,mean,35.680708860759495,790
1_24.CSV,24,2026-04-23T14:12:13,_y15,std,10.712457187367765,790
1_24.CSV,24,2026-04-23T14:12:13,_y15,variance,114.75673899118729,790
1_25.CSV,25,2026-04-23T14:12:13,_y1,mean,119.00242807825084,869
1_25.CSV,25,2026-04-23T14:12:13,_y1,std,2.6517293956926116,869
1_25.CSV,25,2026-04-23T14:12:13,_y1,variance,7.031668787980304,869
1_25.CSV,25,2026-04-23T14:12:13,_y2,mean,119.99,790
1_25.CSV,25,2026-04-23T14:12:13,_y2,std,0.0,790
1_25.CSV,25,2026-04-23T14:12:13,_y2,variance,0.0,790
1_25.CSV,25,2026-04-23T14:12:13,_y3,mean,119.99,790
1_25.CSV,25,2026-04-23T14:12:13,_y3,std,0.0,790
1_25.CSV,25,2026-04-23T14:12:13,_y3,variance,0.0,790
1_25.CSV,25,2026-04-23T14:12:13,_y4,mean,119.99,790
1_25.CSV,25,2026-04-23T14:12:13,_y4,std,0.0,790
1_25.CSV,25,2026-04-23T14:12:13,_y4,variance,0.0,790
1_25.CSV,25,2026-04-23T14:12:13,_y5,mean,119.99,790
1_25.CSV,25,2026-04-23T14:12:13,_y5,std,0.0,790
1_25.CSV,25,2026-04-23T14:12:13,_y5,variance,0.0,790
1_25.CSV,25,2026-04-23T14:12:13,_y6,mean,119.99,790
1_25.CSV,25,2026-04-23T14:12:13,_y6,std,0.0,790
1_25.CSV,25,2026-04-23T14:12:13,_y6,variance,0.0,790
1_25.CSV,25,2026-04-23T14:12:13,_y7,mean,119.99,790
1_25.CSV,25,2026-04-23T14:12:13,_y7,std,0.0,790
1_25.CSV,25,2026-04-23T14:12:13,_y7,variance,0.0,790
1_25.CSV,25,2026-04-23T14:12:13,_y8,mean,119.99,790
1_25.CSV,25,2026-04-23T14:12:13,_y8,std,0.0,790
1_25.CSV,25,2026-04-23T14:12:13,_y8,variance,0.0,790
1_25.CSV,25,2026-04-23T14:12:13,_y9,mean,119.85218987341771,790
1_25.CSV,25,2026-04-23T14:12:13,_y9,std,0.739648318347416,790
1_25.CSV,25,2026-04-23T14:12:13,_y9,variance,0.5470796348341603,790
1_25.CSV,25,2026-04-23T14:12:13,_y10,mean,116.31083544303797,790
1_25.CSV,25,2026-04-23T14:12:13,_y10,std,6.317814600583921,790
1_25.CSV,25,2026-04-23T14:12:13,_y10,variance,39.91478132735136,790
1_25.CSV,25,2026-04-23T14:12:13,_y11,mean,113.59388607594937,790
1_25.CSV,25,2026-04-23T14:12:13,_y11,std,9.969063257908731,790
1_25.CSV,25,2026-04-23T14:12:13,_y11,variance,99.38222224018583,790
1_25.CSV,25,2026-04-23T14:12:13,_y12,mean,83.66706329113923,790
1_25.CSV,25,2026-04-23T14:12:13,_y12,std,20.807251504540655,790
1_25.CSV,25,2026-04-23T14:12:13,_y12,variance,432.9417151732094,790
1_25.CSV,25,2026-04-23T14:12:13,_y13,mean,47.25735443037974,790
1_25.CSV,25,2026-04-23T14:12:13,_y13,std,15.314892527456525,790
1_25.CSV,25,2026-04-23T14:12:13,_y13,variance,234.5459331275437,790
1_25.CSV,25,2026-04-23T14:12:13,_y14,mean,38.87503797468354,790
1_25.CSV,25,2026-04-23T14:12:13,_y14,std,13.361203214069901,790
1_25.CSV,25,2026-04-23T14:12:13,_y14,variance,178.52175132767186,790
1_25.CSV,25,2026-04-23T14:12:13,_y15,mean,35.84067088607595,790
1_25.CSV,25,2026-04-23T14:12:13,_y15,std,11.015766223884699,790
1_25.CSV,25,2026-04-23T14:12:13,_y15,variance,121.34710549927895,790
1_26.CSV,26,2026-04-23T14:12:13,_y1,mean,119.25623705408515,869
1_26.CSV,26,2026-04-23T14:12:13,_y1,std,2.253508042689416,869
1_26.CSV,26,2026-04-23T14:12:13,_y1,variance,5.078298498465883,869
1_26.CSV,26,2026-04-23T14:12:13,_y2,mean,119.99,790
1_26.CSV,26,2026-04-23T14:12:13,_y2,std,0.0,790
1_26.CSV,26,2026-04-23T14:12:13,_y2,variance,0.0,790
1_26.CSV,26,2026-04-23T14:12:13,_y3,mean,119.99,790
1_26.CSV,26,2026-04-23T14:12:13,_y3,std,0.0,790
1_26.CSV,26,2026-04-23T14:12:13,_y3,variance,0.0,790
1_26.CSV,26,2026-04-23T14:12:13,_y4,mean,119.99,790
1_26.CSV,26,2026-04-23T14:12:13,_y4,std,0.0,790
1_26.CSV,26,2026-04-23T14:12:13,_y4,variance,0.0,790
1_26.CSV,26,2026-04-23T14:12:13,_y5,mean,119.99,790
1_26.CSV,26,2026-04-23T14:12:13,_y5,std,0.0,790
1_26.CSV,26,2026-04-23T14:12:13,_y5,variance,0.0,790
1_26.CSV,26,2026-04-23T14:12:13,_y6,mean,119.99,790
1_26.CSV,26,2026-04-23T14:12:13,_y6,std,0.0,790
1_26.CSV,26,2026-04-23T14:12:13,_y6,variance,0.0,790
1_26.CSV,26,2026-04-23T14:12:13,_y7,mean,119.99,790
1_26.CSV,26,2026-04-23T14:12:13,_y7,std,0.0,790
1_26.CSV,26,2026-04-23T14:12:13,_y7,variance,0.0,790
1_26.CSV,26,2026-04-23T14:12:13,_y8,mean,119.99,790
1_26.CSV,26,2026-04-23T14:12:13,_y8,std,0.0,790
1_26.CSV,26,2026-04-23T14:12:13,_y8,variance,0.0,790
1_26.CSV,26,2026-04-23T14:12:13,_y9,mean,119.89244303797469,790
1_26.CSV,26,2026-04-23T14:12:13,_y9,std,0.5998717003509244,790
1_26.CSV,26,2026-04-23T14:12:13,_y9,variance,0.35984605688190924,790
1_26.CSV,26,2026-04-23T14:12:13,_y10,mean,116.58525316455697,790
1_26.CSV,26,2026-04-23T14:12:13,_y10,std,6.044815761802466,790
1_26.CSV,26,2026-04-23T14:12:13,_y10,variance,36.539797594135536,790
1_26.CSV,26,2026-04-23T14:12:13,_y11,mean,113.91579746835444,790
1_26.CSV,26,2026-04-23T14:12:13,_y11,std,9.639599107137323,790
1_26.CSV,26,2026-04-23T14:12:13,_y11,variance,92.92187094632267,790
1_26.CSV,26,2026-04-23T14:12:13,_y12,mean,84.27735443037975,790
1_26.CSV,26,2026-04-23T14:12:13,_y12,std,21.137993365201215,790
1_26.CSV,26,2026-04-23T14:12:13,_y12,variance,446.81476350729054,790
1_26.CSV,26,2026-04-23T14:12:13,_y13,mean,47.79493670886076,790
1_26.CSV,26,2026-04-23T14:12:13,_y13,std,15.713196249916797,790
1_26.CSV,26,2026-04-23T14:12:13,_y13,variance,246.9045363883993,790
1_26.CSV,26,2026-04-23T14:12:13,_y14,mean,39.38313924050633,790
1_26.CSV,26,2026-04-23T14:12:13,_y14,std,13.585412001816252,790
1_26.CSV,26,2026-04-23T14:12:13,_y14,variance,184.56341925909308,790
1_26.CSV,26,2026-04-23T14:12:13,_y15,mean,36.19367088607595,790
1_26.CSV,26,2026-04-23T14:12:13,_y15,std,11.345988481655587,790
1_26.CSV,26,2026-04-23T14:12:13,_y15,variance,128.73145462586123,790
1_27.CSV,27,2026-04-23T14:12:14,_y1,mean,119.45869965477559,869
1_27.CSV,27,2026-04-23T14:12:14,_y1,std,1.8563405574877336,869
1_27.CSV,27,2026-04-23T14:12:14,_y1,variance,3.4460002653738697,869
1_27.CSV,27,2026-04-23T14:12:14,_y2,mean,119.99,790
1_27.CSV,27,2026-04-23T14:12:14,_y2,std,0.0,790
1_27.CSV,27,2026-04-23T14:12:14,_y2,variance,0.0,790
1_27.CSV,27,2026-04-23T14:12:14,_y3,mean,119.99,790
1_27.CSV,27,2026-04-23T14:12:14,_y3,std,0.0,790
1_27.CSV,27,2026-04-23T14:12:14,_y3,variance,0.0,790
1_27.CSV,27,2026-04-23T14:12:14,_y4,mean,119.99,790
1_27.CSV,27,2026-04-23T14:12:14,_y4,std,0.0,790
1_27.CSV,27,2026-04-23T14:12:14,_y4,variance,0.0,790
1_27.CSV,27,2026-04-23T14:12:14,_y5,mean,119.99,790
1_27.CSV,27,2026-04-23T14:12:14,_y5,std,0.0,790
1_27.CSV,27,2026-04-23T14:12:14,_y5,variance,0.0,790
1_27.CSV,27,2026-04-23T14:12:14,_y6,mean,119.99,790
1_27.CSV,27,2026-04-23T14:12:14,_y6,std,0.0,790
1_27.CSV,27,2026-04-23T14:12:14,_y6,variance,0.0,790
1_27.CSV,27,2026-04-23T14:12:14,_y7,mean,119.99,790
1_27.CSV,27,2026-04-23T14:12:14,_y7,std,0.0,790
1_27.CSV,27,2026-04-23T14:12:14,_y7,variance,0.0,790
1_27.CSV,27,2026-04-23T14:12:14,_y8,mean,119.99,790
1_27.CSV,27,2026-04-23T14:12:14,_y8,std,0.0,790
1_27.CSV,27,2026-04-23T14:12:14,_y8,variance,0.0,790
1_27.CSV,27,2026-04-23T14:12:14,_y9,mean,119.93251898734175,790
1_27.CSV,27,2026-04-23T14:12:14,_y9,std,0.4326999241079487,790
1_27.CSV,27,2026-04-23T14:12:14,_y9,variance,0.18722922432302458,790
1_27.CSV,27,2026-04-23T14:12:14,_y10,mean,116.85940506329113,790
1_27.CSV,27,2026-04-23T14:12:14,_y10,std,5.708269043136903,790
1_27.CSV,27,2026-04-23T14:12:14,_y10,variance,32.5843354688351,790
1_27.CSV,27,2026-04-23T14:12:14,_y11,mean,114.31616455696201,790
1_27.CSV,27,2026-04-23T14:12:14,_y11,std,9.26459273689437,790
1_27.CSV,27,2026-04-23T14:12:14,_y11,variance,85.83267858051592,790
1_27.CSV,27,2026-04-23T14:12:14,_y12,mean,85.12806329113924,790
1_27.CSV,27,2026-04-23T14:12:14,_y12,std,21.265212500815856,790
1_27.CSV,27,2026-04-23T14:12:14,_y12,variance,452.209262704855,790
1_27.CSV,27,2026-04-23T14:12:14,_y13,mean,48.34051898734177,790
1_27.CSV,27,2026-04-23T14:12:14,_y13,std,16.12906866684391,790
1_27.CSV,27,2026-04-23T14:12:14,_y13,variance,260.14685605976604,790
1_27.CSV,27,2026-04-23T14:12:14,_y14,mean,39.809025316455696,790
1_27.CSV,27,2026-04-23T14:12:14,_y14,std,13.793204075567255,790
1_27.CSV,27,2026-04-23T14:12:14,_y14,variance,190.25247867024515,790
1_27.CSV,27,2026-04-23T14:12:14,_y15,mean,36.515822784810126,790
1_27.CSV,27,2026-04-23T14:12:14,_y15,std,11.699697432806872,790
1_27.CSV,27,2026-04-23T14:12:14,_y15,variance,136.8829200192277,790
1_28.CSV,28,2026-04-23T14:12:14,_y1,mean,119.5674913693901,869
1_28.CSV,28,2026-04-23T14:12:14,_y1,std,1.5983185681592125,869
1_28.CSV,28,2026-04-23T14:12:14,_y1,variance,2.5546222453225154,869
1_28.CSV,28,2026-04-23T14:12:14,_y2,mean,119.99,790
1_28.CSV,28,2026-04-23T14:12:14,_y2,std,0.0,790
1_28.CSV,28,2026-04-23T14:12:14,_y2,variance,0.0,790
1_28.CSV,28,2026-04-23T14:12:14,_y3,mean,119.99,790
1_28.CSV,28,2026-04-23T14:12:14,_y3,std,0.0,790
1_28.CSV,28,2026-04-23T14:12:14,_y3,variance,0.0,790
1_28.CSV,28,2026-04-23T14:12:14,_y4,mean,119.99,790
1_28.CSV,28,2026-04-23T14:12:14,_y4,std,0.0,790
1_28.CSV,28,2026-04-23T14:12:14,_y4,variance,0.0,790
1_28.CSV,28,2026-04-23T14:12:14,_y5,mean,119.99,790
1_28.CSV,28,2026-04-23T14:12:14,_y5,std,0.0,790
1_28.CSV,28,2026-04-23T14:12:14,_y5,variance,0.0,790
1_28.CSV,28,2026-04-23T14:12:14,_y6,mean,119.99,790
1_28.CSV,28,2026-04-23T14:12:14,_y6,std,0.0,790
1_28.CSV,28,2026-04-23T14:12:14,_y6,variance,0.0,790
1_28.CSV,28,2026-04-23T14:12:14,_y7,mean,119.99,790
1_28.CSV,28,2026-04-23T14:12:14,_y7,std,0.0,790
1_28.CSV,28,2026-04-23T14:12:14,_y7,variance,0.0,790
1_28.CSV,28,2026-04-23T14:12:14,_y8,mean,119.99,790
1_28.CSV,28,2026-04-23T14:12:14,_y8,std,0.0,790
1_28.CSV,28,2026-04-23T14:12:14,_y8,variance,0.0,790
1_28.CSV,28,2026-04-23T14:12:14,_y9,mean,119.94540506329113,790
1_28.CSV,28,2026-04-23T14:12:14,_y9,std,0.38431168188740017,790
1_28.CSV,28,2026-04-23T14:12:14,_y9,variance,0.14769546883512227,790
1_28.CSV,28,2026-04-23T14:12:14,_y10,mean,117.11092405063292,790
1_28.CSV,28,2026-04-23T14:12:14,_y10,std,5.425043151603802,790
1_28.CSV,28,2026-04-23T14:12:14,_y10,variance,29.431093196763317,790
1_28.CSV,28,2026-04-23T14:12:14,_y11,mean,114.5762911392405,790
1_28.CSV,28,2026-04-23T14:12:14,_y11,std,8.898904415075805,790
1_28.CSV,28,2026-04-23T14:12:14,_y11,variance,79.19049978865564,790
1_28.CSV,28,2026-04-23T14:12:14,_y12,mean,85.54131645569622,790
1_28.CSV,28,2026-04-23T14:12:14,_y12,std,21.284129394685827,790
1_28.CSV,28,2026-04-23T14:12:14,_y12,variance,453.0141640897292,790
1_28.CSV,28,2026-04-23T14:12:14,_y13,mean,48.69629113924051,790
1_28.CSV,28,2026-04-23T14:12:14,_y13,std,16.348194118247317,790
1_28.CSV,28,2026-04-23T14:12:14,_y13,variance,267.26345092789614,790
1_28.CSV,28,2026-04-23T14:12:14,_y14,mean,40.15021518987342,790
1_28.CSV,28,2026-04-23T14:12:14,_y14,std,14.192137904774025,790
1_28.CSV,28,2026-04-23T14:12:14,_y14,variance,201.41677830812367,790
1_28.CSV,28,2026-04-23T14:12:14,_y15,mean,36.88287341772152,790
1_28.CSV,28,2026-04-23T14:12:14,_y15,std,12.083172082125431,790
1_28.CSV,28,2026-04-23T14:12:14,_y15,variance,146.00304756625542,790
1_29.CSV,29,2026-04-23T14:12:14,_y1,mean,119.69949367088606,869
1_29.CSV,29,2026-04-23T14:12:14,_y1,std,1.2348752527181928,869
1_29.CSV,29,2026-04-23T14:12:14,_y1,variance,1.5249168897758203,869
1_29.CSV,29,2026-04-23T14:12:14,_y2,mean,119.99,790
1_29.CSV,29,2026-04-23T14:12:14,_y2,std,0.0,790
1_29.CSV,29,2026-04-23T14:12:14,_y2,variance,0.0,790
1_29.CSV,29,2026-04-23T14:12:14,_y3,mean,119.99,790
1_29.CSV,29,2026-04-23T14:12:14,_y3,std,0.0,790
1_29.CSV,29,2026-04-23T14:12:14,_y3,variance,0.0,790
1_29.CSV,29,2026-04-23T14:12:14,_y4,mean,119.99,790
1_29.CSV,29,2026-04-23T14:12:14,_y4,std,0.0,790
1_29.CSV,29,2026-04-23T14:12:14,_y4,variance,0.0,790
1_29.CSV,29,2026-04-23T14:12:14,_y5,mean,119.99,790
1_29.CSV,29,2026-04-23T14:12:14,_y5,std,0.0,790
1_29.CSV,29,2026-04-23T14:12:14,_y5,variance,0.0,790
1_29.CSV,29,2026-04-23T14:12:14,_y6,mean,119.99,790
1_29.CSV,29,2026-04-23T14:12:14,_y6,std,0.0,790
1_29.CSV,29,2026-04-23T14:12:14,_y6,variance,0.0,790
1_29.CSV,29,2026-04-23T14:12:14,_y7,mean,119.99,790
1_29.CSV,29,2026-04-23T14:12:14,_y7,std,0.0,790
1_29.CSV,29,2026-04-23T14:12:14,_y7,variance,0.0,790
1_29.CSV,29,2026-04-23T14:12:14,_y8,mean,119.99,790
1_29.CSV,29,2026-04-23T14:12:14,_y8,std,0.0,790
1_29.CSV,29,2026-04-23T14:12:14,_y8,variance,0.0,790
1_29.CSV,29,2026-04-23T14:12:14,_y9,mean,119.9632405063291,790
1_29.CSV,29,2026-04-23T14:12:14,_y9,std,0.2628728919964531,790
1_29.CSV,29,2026-04-23T14:12:14,_y9,variance,0.06910215734657887,790
1_29.CSV,29,2026-04-23T14:12:14,_y10,mean,117.26686075949367,790
1_29.CSV,29,2026-04-23T14:12:14,_y10,std,5.192720295685072,790
1_29.CSV,29,2026-04-23T14:12:14,_y10,variance,26.964344069219663,790
1_29.CSV,29,2026-04-23T14:12:14,_y11,mean,114.82008860759493,790
1_29.CSV,29,2026-04-23T14:12:14,_y11,std,8.534753531312425,790
1_29.CSV,29,2026-04-23T14:12:14,_y11,variance,72.84201784024992,790
1_29.CSV,29,2026-04-23T14:12:14,_y12,mean,85.92994936708861,790
1_29.CSV,29,2026-04-23T14:12:14,_y12,std,21.465637750788332,790
1_29.CSV,29,2026-04-23T14:12:14,_y12,variance,460.7736040480692,790
1_29.CSV,29,2026-04-23T14:12:14,_y13,mean,49.040974683544306,790
1_29.CSV,29,2026-04-23T14:12:14,_y13,std,16.484704416000408,790
1_29.CSV,29,2026-04-23T14:12:14,_y13,variance,271.7454796829034,790
1_29.CSV,29,2026-04-23T14:12:14,_y14,mean,40.568860759493674,790
1_29.CSV,29,2026-04-23T14:12:14,_y14,std,14.427844351329192,790
1_29.CSV,29,2026-04-23T14:12:14,_y14,variance,208.16269262618167,790
1_29.CSV,29,2026-04-23T14:12:14,_y15,mean,37.28681012658228,790
1_29.CSV,29,2026-04-23T14:12:14,_y15,std,12.15598710442453,790
1_29.CSV,29,2026-04-23T14:12:14,_y15,variance,147.76802248293544,790
1_30.CSV,30,2026-04-23T14:12:14,_y1,mean,119.7847756041427,869
1_30.CSV,30,2026-04-23T14:12:14,_y1,std,0.9822238695193839,869
1_30.CSV,30,2026-04-23T14:12:14,_y1,variance,0.9647637298536318,869
1_30.CSV,30,2026-04-23T14:12:14,_y2,mean,119.99,790
1_30.CSV,30,2026-04-23T14:12:14,_y2,std,0.0,790
1_30.CSV,30,2026-04-23T14:12:14,_y2,variance,0.0,790
1_30.CSV,30,2026-04-23T14:12:14,_y3,mean,119.99,790
1_30.CSV,30,2026-04-23T14:12:14,_y3,std,0.0,790
1_30.CSV,30,2026-04-23T14:12:14,_y3,variance,0.0,790
1_30.CSV,30,2026-04-23T14:12:14,_y4,mean,119.99,790
1_30.CSV,30,2026-04-23T14:12:14,_y4,std,0.0,790
1_30.CSV,30,2026-04-23T14:12:14,_y4,variance,0.0,790
1_30.CSV,30,2026-04-23T14:12:14,_y5,mean,119.99,790
1_30.CSV,30,2026-04-23T14:12:14,_y5,std,0.0,790
1_30.CSV,30,2026-04-23T14:12:14,_y5,variance,0.0,790
1_30.CSV,30,2026-04-23T14:12:14,_y6,mean,119.99,790
1_30.CSV,30,2026-04-23T14:12:14,_y6,std,0.0,790
1_30.CSV,30,2026-04-23T14:12:14,_y6,variance,0.0,790
1_30.CSV,30,2026-04-23T14:12:14,_y7,mean,119.99,790
1_30.CSV,30,2026-04-23T14:12:14,_y7,std,0.0,790
1_30.CSV,30,2026-04-23T14:12:14,_y7,variance,0.0,790
1_30.CSV,30,2026-04-23T14:12:14,_y8,mean,119.99,790
1_30.CSV,30,2026-04-23T14:12:14,_y8,std,0.0,790
1_30.CSV,30,2026-04-23T14:12:14,_y8,variance,0.0,790
1_30.CSV,30,2026-04-23T14:12:14,_y9,mean,119.97535443037972,790
1_30.CSV,30,2026-04-23T14:12:14,_y9,std,0.2054647426082032,790
1_30.CSV,30,2026-04-23T14:12:14,_y9,variance,0.042215760455055186,790
1_30.CSV,30,2026-04-23T14:12:14,_y10,mean,117.54862025316456,790
1_30.CSV,30,2026-04-23T14:12:14,_y10,std,4.8060745839432455,790
1_30.CSV,30,2026-04-23T14:12:14,_y10,variance,23.098352906425237,790
1_30.CSV,30,2026-04-23T14:12:14,_y11,mean,115.07726582278482,790
1_30.CSV,30,2026-04-23T14:12:14,_y11,std,8.308095571064758,790
1_30.CSV,30,2026-04-23T14:12:14,_y11,variance,69.02445201794583,790
1_30.CSV,30,2026-04-23T14:12:14,_y12,mean,86.67167088607594,790
1_30.CSV,30,2026-04-23T14:12:14,_y12,std,21.533906246215476,790
1_30.CSV,30,2026-04-23T14:12:14,_y12,variance,463.7091182207979,790
1_30.CSV,30,2026-04-23T14:12:14,_y13,mean,49.54011392405064,790
1_30.CSV,30,2026-04-23T14:12:14,_y13,std,16.8310170458338,790
1_30.CSV,30,2026-04-23T14:12:14,_y13,variance,283.2831347971479,790
1_30.CSV,30,2026-04-23T14:12:14,_y14,mean,40.78983544303798,790
1_30.CSV,30,2026-04-23T14:12:14,_y14,std,14.727188310826383,790
1_30.CSV,30,2026-04-23T14:12:14,_y14,variance,216.89007554254127,790
1_30.CSV,30,2026-04-23T14:12:14,_y15,mean,37.64029113924051,790
1_30.CSV,30,2026-04-23T14:12:14,_y15,std,12.528458411488723,790
1_30.CSV,30,2026-04-23T14:12:14,_y15,variance,156.9622701684025,790
1_31.CSV,31,2026-04-23T14:12:14,_y1,mean,119.8413003452244,869
1_31.CSV,31,2026-04-23T14:12:14,_y1,std,0.7668293114355691,869
1_31.CSV,31,2026-04-23T14:12:14,_y1,variance,0.5880271928767491,869
1_31.CSV,31,2026-04-23T14:12:14,_y2,mean,119.99,790
1_31.CSV,31,2026-04-23T14:12:14,_y2,std,0.0,790
1_31.CSV,31,2026-04-23T14:12:14,_y2,variance,0.0,790
1_31.CSV,31,2026-04-23T14:12:14,_y3,mean,119.99,790
1_31.CSV,31,2026-04-23T14:12:14,_y3,std,0.0,790
1_31.CSV,31,2026-04-23T14:12:14,_y3,variance,0.0,790
1_31.CSV,31,2026-04-23T14:12:14,_y4,mean,119.99,790
1_31.CSV,31,2026-04-23T14:12:14,_y4,std,0.0,790
1_31.CSV,31,2026-04-23T14:12:14,_y4,variance,0.0,790
1_31.CSV,31,2026-04-23T14:12:14,_y5,mean,119.99,790
1_31.CSV,31,2026-04-23T14:12:14,_y5,std,0.0,790
1_31.CSV,31,2026-04-23T14:12:14,_y5,variance,0.0,790
1_31.CSV,31,2026-04-23T14:12:14,_y6,mean,119.99,790
1_31.CSV,31,2026-04-23T14:12:14,_y6,std,0.0,790
1_31.CSV,31,2026-04-23T14:12:14,_y6,variance,0.0,790
1_31.CSV,31,2026-04-23T14:12:14,_y7,mean,119.99,790
1_31.CSV,31,2026-04-23T14:12:14,_y7,std,0.0,790
1_31.CSV,31,2026-04-23T14:12:14,_y7,variance,0.0,790
1_31.CSV,31,2026-04-23T14:12:14,_y8,mean,119.99,790
1_31.CSV,31,2026-04-23T14:12:14,_y8,std,0.0,790
1_31.CSV,31,2026-04-23T14:12:14,_y8,variance,0.0,790
1_31.CSV,31,2026-04-23T14:12:14,_y9,mean,119.97886075949366,790
1_31.CSV,31,2026-04-23T14:12:14,_y9,std,0.17978529629527565,790
1_31.CSV,31,2026-04-23T14:12:14,_y9,variance,0.032322752763980056,790
1_31.CSV,31,2026-04-23T14:12:14,_y10,mean,117.68256962025316,790
1_31.CSV,31,2026-04-23T14:12:14,_y10,std,4.643562126195422,790
1_31.CSV,31,2026-04-23T14:12:14,_y10,variance,21.56266921983655,790
1_31.CSV,31,2026-04-23T14:12:14,_y11,mean,115.34059493670887,790
1_31.CSV,31,2026-04-23T14:12:14,_y11,std,7.9398391416588145,790
1_31.CSV,31,2026-04-23T14:12:14,_y11,variance,63.04104559541738,790
1_31.CSV,31,2026-04-23T14:12:14,_y12,mean,86.78939240506328,790
1_31.CSV,31,2026-04-23T14:12:14,_y12,std,21.472324569446094,790
1_31.CSV,31,2026-04-23T14:12:14,_y12,variance,461.06072241563845,790
1_31.CSV,31,2026-04-23T14:12:14,_y13,mean,50.12775949367089,790
1_31.CSV,31,2026-04-23T14:12:14,_y13,std,17.003450496225753,790
1_31.CSV,31,2026-04-23T14:12:14,_y13,variance,289.11732877759977,790
1_31.CSV,31,2026-04-23T14:12:14,_y14,mean,41.12817721518988,790
1_31.CSV,31,2026-04-23T14:12:14,_y14,std,14.923098847394302,790
1_31.CSV,31,2026-04-23T14:12:14,_y14,variance,222.69887920910114,790
1_31.CSV,31,2026-04-23T14:12:14,_y15,mean,37.88143037974684,790
1_31.CSV,31,2026-04-23T14:12:14,_y15,std,12.68211455053932,790
1_31.CSV,31,2026-04-23T14:12:14,_y15,variance,160.83602947300113,790
1_32.CSV,32,2026-04-23T14:12:14,_y1,mean,119.79424626006903,869
1_32.CSV,32,2026-04-23T14:12:14,_y1,std,0.9171861401949133,869
1_32.CSV,32,2026-04-23T14:12:14,_y1,variance,0.8412304157656431,869
1_32.CSV,32,2026-04-23T14:12:14,_y2,mean,119.99,790
1_32.CSV,32,2026-04-23T14:12:14,_y2,std,0.0,790
1_32.CSV,32,2026-04-23T14:12:14,_y2,variance,0.0,790
1_32.CSV,32,2026-04-23T14:12:14,_y3,mean,119.99,790
1_32.CSV,32,2026-04-23T14:12:14,_y3,std,0.0,790
1_32.CSV,32,2026-04-23T14:12:14,_y3,variance,0.0,790
1_32.CSV,32,2026-04-23T14:12:14,_y4,mean,119.99,790
1_32.CSV,32,2026-04-23T14:12:14,_y4,std,0.0,790
1_32.CSV,32,2026-04-23T14:12:14,_y4,variance,0.0,790
1_32.CSV,32,2026-04-23T14:12:14,_y5,mean,119.99,790
1_32.CSV,32,2026-04-23T14:12:14,_y5,std,0.0,790
1_32.CSV,32,2026-04-23T14:12:14,_y5,variance,0.0,790
1_32.CSV,32,2026-04-23T14:12:14,_y6,mean,119.99,790
1_32.CSV,32,2026-04-23T14:12:14,_y6,std,0.0,790
1_32.CSV,32,2026-04-23T14:12:14,_y6,variance,0.0,790
1_32.CSV,32,2026-04-23T14:12:14,_y7,mean,119.99,790
1_32.CSV,32,2026-04-23T14:12:14,_y7,std,0.0,790
1_32.CSV,32,2026-04-23T14:12:14,_y7,variance,0.0,790
1_32.CSV,32,2026-04-23T14:12:14,_y8,mean,119.98882278481011,790
1_32.CSV,32,2026-04-23T14:12:14,_y8,std,0.03306696676411358,790
1_32.CSV,32,2026-04-23T14:12:14,_y8,variance,0.0010934242909789924,790
1_32.CSV,32,2026-04-23T14:12:14,_y9,mean,119.957,790
1_32.CSV,32,2026-04-23T14:12:14,_y9,std,0.28992139921281884,790
1_32.CSV,32,2026-04-23T14:12:14,_y9,variance,0.08405441772151867,790
1_32.CSV,32,2026-04-23T14:12:14,_y10,mean,117.41116455696204,790
1_32.CSV,32,2026-04-23T14:12:14,_y10,std,4.907316331816803,790
1_32.CSV,32,2026-04-23T14:12:14,_y10,variance,24.081753580515922,790
1_32.CSV,32,2026-04-23T14:12:14,_y11,mean,115.15489873417722,790
1_32.CSV,32,2026-04-23T14:12:14,_y11,std,8.145421696265846,790
1_32.CSV,32,2026-04-23T14:12:14,_y11,variance,66.34789460999836,790
1_32.CSV,32,2026-04-23T14:12:14,_y12,mean,86.3652658227848,790
1_32.CSV,32,2026-04-23T14:12:14,_y12,std,21.429689498869223,790
1_32.CSV,32,2026-04-23T14:12:14,_y12,variance,459.2315920179458,790
1_32.CSV,32,2026-04-23T14:12:14,_y13,mean,50.00672151898734,790
1_32.CSV,32,2026-04-23T14:12:14,_y13,std,17.15950148315202,790
1_32.CSV,32,2026-04-23T14:12:14,_y13,variance,294.44849115029643,790
1_32.CSV,32,2026-04-23T14:12:14,_y14,mean,41.40055696202531,790
1_32.CSV,32,2026-04-23T14:12:14,_y14,std,15.025178975110315,790
1_32.CSV,32,2026-04-23T14:12:14,_y14,variance,225.75600323409705,790
1_32.CSV,32,2026-04-23T14:12:14,_y15,mean,38.124151898734176,790
1_32.CSV,32,2026-04-23T14:12:14,_y15,std,12.921149652076519,790
1_32.CSV,32,2026-04-23T14:12:14,_y15,variance,166.95610833135714,790
